name,type,value,date
Afghanistan,confirmed,0.0,2020-01-22
Afghanistan,confirmed,0.0,2020-01-23
Afghanistan,confirmed,0.0,2020-01-24
Afghanistan,confirmed,0.0,2020-01-25
Afghanistan,confirmed,0.0,2020-01-26
Afghanistan,confirmed,0.0,2020-01-27
Afghanistan,confirmed,0.0,2020-01-28
Afghanistan,confirmed,0.0,2020-01-29
Afghanistan,confirmed,0.0,2020-01-30
Afghanistan,confirmed,0.0,2020-01-31
Afghanistan,confirmed,0.0,2020-02-01
Afghanistan,confirmed,0.0,2020-02-02
Afghanistan,confirmed,0.0,2020-02-03
Afghanistan,confirmed,0.0,2020-02-04
Afghanistan,confirmed,0.0,2020-02-05
Afghanistan,confirmed,0.0,2020-02-06
Afghanistan,confirmed,0.0,2020-02-07
Afghanistan,confirmed,0.0,2020-02-08
Afghanistan,confirmed,0.0,2020-02-09
Afghanistan,confirmed,0.0,2020-02-10
Afghanistan,confirmed,0.0,2020-02-11
Afghanistan,confirmed,0.0,2020-02-12
Afghanistan,confirmed,0.0,2020-02-13
Afghanistan,confirmed,0.0,2020-02-14
Afghanistan,confirmed,0.0,2020-02-15
Afghanistan,confirmed,0.0,2020-02-16
Afghanistan,confirmed,0.0,2020-02-17
Afghanistan,confirmed,0.0,2020-02-18
Afghanistan,confirmed,0.0,2020-02-19
Afghanistan,confirmed,0.0,2020-02-20
Afghanistan,confirmed,0.0,2020-02-21
Afghanistan,confirmed,0.0,2020-02-22
Afghanistan,confirmed,0.0,2020-02-23
Afghanistan,confirmed,1.0,2020-02-24
Afghanistan,confirmed,1.0,2020-02-25
Afghanistan,confirmed,1.0,2020-02-26
Algeria,confirmed,0.0,2020-01-22
Algeria,confirmed,0.0,2020-01-23
Algeria,confirmed,0.0,2020-01-24
Algeria,confirmed,0.0,2020-01-25
Algeria,confirmed,0.0,2020-01-26
Algeria,confirmed,0.0,2020-01-27
Algeria,confirmed,0.0,2020-01-28
Algeria,confirmed,0.0,2020-01-29
Algeria,confirmed,0.0,2020-01-30
Algeria,confirmed,0.0,2020-01-31
Algeria,confirmed,0.0,2020-02-01
Algeria,confirmed,0.0,2020-02-02
Algeria,confirmed,0.0,2020-02-03
Algeria,confirmed,0.0,2020-02-04
Algeria,confirmed,0.0,2020-02-05
Algeria,confirmed,0.0,2020-02-06
Algeria,confirmed,0.0,2020-02-07
Algeria,confirmed,0.0,2020-02-08
Algeria,confirmed,0.0,2020-02-09
Algeria,confirmed,0.0,2020-02-10
Algeria,confirmed,0.0,2020-02-11
Algeria,confirmed,0.0,2020-02-12
Algeria,confirmed,0.0,2020-02-13
Algeria,confirmed,0.0,2020-02-14
Algeria,confirmed,0.0,2020-02-15
Algeria,confirmed,0.0,2020-02-16
Algeria,confirmed,0.0,2020-02-17
Algeria,confirmed,0.0,2020-02-18
Algeria,confirmed,0.0,2020-02-19
Algeria,confirmed,0.0,2020-02-20
Algeria,confirmed,0.0,2020-02-21
Algeria,confirmed,0.0,2020-02-22
Algeria,confirmed,0.0,2020-02-23
Algeria,confirmed,0.0,2020-02-24
Algeria,confirmed,1.0,2020-02-25
Algeria,confirmed,1.0,2020-02-26
Australia,confirmed,0.0,2020-01-22
Australia,confirmed,0.0,2020-01-23
Australia,confirmed,0.0,2020-01-24
Australia,confirmed,0.0,2020-01-25
Australia,confirmed,4.0,2020-01-26
Australia,confirmed,5.0,2020-01-27
Australia,confirmed,5.0,2020-01-28
Australia,confirmed,6.0,2020-01-29
Australia,confirmed,11.0,2020-01-30
Australia,confirmed,11.0,2020-01-31
Australia,confirmed,14.0,2020-02-01
Australia,confirmed,14.0,2020-02-02
Australia,confirmed,14.0,2020-02-03
Australia,confirmed,15.0,2020-02-04
Australia,confirmed,15.0,2020-02-05
Australia,confirmed,16.0,2020-02-06
Australia,confirmed,17.0,2020-02-07
Australia,confirmed,17.0,2020-02-08
Australia,confirmed,17.0,2020-02-09
Australia,confirmed,17.0,2020-02-10
Australia,confirmed,17.0,2020-02-11
Australia,confirmed,17.0,2020-02-12
Australia,confirmed,23.0,2020-02-13
Australia,confirmed,23.0,2020-02-14
Australia,confirmed,23.0,2020-02-15
Australia,confirmed,23.0,2020-02-16
Australia,confirmed,25.0,2020-02-17
Australia,confirmed,25.0,2020-02-18
Australia,confirmed,25.0,2020-02-19
Australia,confirmed,25.0,2020-02-20
Australia,confirmed,30.0,2020-02-21
Australia,confirmed,33.0,2020-02-22
Australia,confirmed,33.0,2020-02-23
Australia,confirmed,33.0,2020-02-24
Australia,confirmed,33.0,2020-02-25
Australia,confirmed,33.0,2020-02-26
Austria,confirmed,0.0,2020-01-22
Austria,confirmed,0.0,2020-01-23
Austria,confirmed,0.0,2020-01-24
Austria,confirmed,0.0,2020-01-25
Austria,confirmed,0.0,2020-01-26
Austria,confirmed,0.0,2020-01-27
Austria,confirmed,0.0,2020-01-28
Austria,confirmed,0.0,2020-01-29
Austria,confirmed,0.0,2020-01-30
Austria,confirmed,0.0,2020-01-31
Austria,confirmed,0.0,2020-02-01
Austria,confirmed,0.0,2020-02-02
Austria,confirmed,0.0,2020-02-03
Austria,confirmed,0.0,2020-02-04
Austria,confirmed,0.0,2020-02-05
Austria,confirmed,0.0,2020-02-06
Austria,confirmed,0.0,2020-02-07
Austria,confirmed,0.0,2020-02-08
Austria,confirmed,0.0,2020-02-09
Austria,confirmed,0.0,2020-02-10
Austria,confirmed,0.0,2020-02-11
Austria,confirmed,0.0,2020-02-12
Austria,confirmed,0.0,2020-02-13
Austria,confirmed,0.0,2020-02-14
Austria,confirmed,0.0,2020-02-15
Austria,confirmed,0.0,2020-02-16
Austria,confirmed,0.0,2020-02-17
Austria,confirmed,0.0,2020-02-18
Austria,confirmed,0.0,2020-02-19
Austria,confirmed,0.0,2020-02-20
Austria,confirmed,0.0,2020-02-21
Austria,confirmed,0.0,2020-02-22
Austria,confirmed,0.0,2020-02-23
Austria,confirmed,0.0,2020-02-24
Austria,confirmed,2.0,2020-02-25
Austria,confirmed,2.0,2020-02-26
Bahrain,confirmed,0.0,2020-01-22
Bahrain,confirmed,0.0,2020-01-23
Bahrain,confirmed,0.0,2020-01-24
Bahrain,confirmed,0.0,2020-01-25
Bahrain,confirmed,0.0,2020-01-26
Bahrain,confirmed,0.0,2020-01-27
Bahrain,confirmed,0.0,2020-01-28
Bahrain,confirmed,0.0,2020-01-29
Bahrain,confirmed,0.0,2020-01-30
Bahrain,confirmed,0.0,2020-01-31
Bahrain,confirmed,0.0,2020-02-01
Bahrain,confirmed,0.0,2020-02-02
Bahrain,confirmed,0.0,2020-02-03
Bahrain,confirmed,0.0,2020-02-04
Bahrain,confirmed,0.0,2020-02-05
Bahrain,confirmed,0.0,2020-02-06
Bahrain,confirmed,0.0,2020-02-07
Bahrain,confirmed,0.0,2020-02-08
Bahrain,confirmed,0.0,2020-02-09
Bahrain,confirmed,0.0,2020-02-10
Bahrain,confirmed,0.0,2020-02-11
Bahrain,confirmed,0.0,2020-02-12
Bahrain,confirmed,0.0,2020-02-13
Bahrain,confirmed,0.0,2020-02-14
Bahrain,confirmed,0.0,2020-02-15
Bahrain,confirmed,0.0,2020-02-16
Bahrain,confirmed,0.0,2020-02-17
Bahrain,confirmed,0.0,2020-02-18
Bahrain,confirmed,0.0,2020-02-19
Bahrain,confirmed,0.0,2020-02-20
Bahrain,confirmed,0.0,2020-02-21
Bahrain,confirmed,0.0,2020-02-22
Bahrain,confirmed,0.0,2020-02-23
Bahrain,confirmed,1.0,2020-02-24
Bahrain,confirmed,23.0,2020-02-25
Bahrain,confirmed,33.0,2020-02-26
Belgium,confirmed,0.0,2020-01-22
Belgium,confirmed,0.0,2020-01-23
Belgium,confirmed,0.0,2020-01-24
Belgium,confirmed,0.0,2020-01-25
Belgium,confirmed,0.0,2020-01-26
Belgium,confirmed,0.0,2020-01-27
Belgium,confirmed,0.0,2020-01-28
Belgium,confirmed,0.0,2020-01-29
Belgium,confirmed,0.0,2020-01-30
Belgium,confirmed,0.0,2020-01-31
Belgium,confirmed,0.0,2020-02-01
Belgium,confirmed,0.0,2020-02-02
Belgium,confirmed,0.0,2020-02-03
Belgium,confirmed,1.0,2020-02-04
Belgium,confirmed,1.0,2020-02-05
Belgium,confirmed,1.0,2020-02-06
Belgium,confirmed,1.0,2020-02-07
Belgium,confirmed,1.0,2020-02-08
Belgium,confirmed,1.0,2020-02-09
Belgium,confirmed,1.0,2020-02-10
Belgium,confirmed,1.0,2020-02-11
Belgium,confirmed,1.0,2020-02-12
Belgium,confirmed,1.0,2020-02-13
Belgium,confirmed,1.0,2020-02-14
Belgium,confirmed,1.0,2020-02-15
Belgium,confirmed,1.0,2020-02-16
Belgium,confirmed,2.0,2020-02-17
Belgium,confirmed,2.0,2020-02-18
Belgium,confirmed,2.0,2020-02-19
Belgium,confirmed,2.0,2020-02-20
Belgium,confirmed,2.0,2020-02-21
Belgium,confirmed,2.0,2020-02-22
Belgium,confirmed,2.0,2020-02-23
Belgium,confirmed,2.0,2020-02-24
Belgium,confirmed,2.0,2020-02-25
Belgium,confirmed,2.0,2020-02-26
Brazil,confirmed,0.0,2020-01-22
Brazil,confirmed,0.0,2020-01-23
Brazil,confirmed,0.0,2020-01-24
Brazil,confirmed,0.0,2020-01-25
Brazil,confirmed,0.0,2020-01-26
Brazil,confirmed,0.0,2020-01-27
Brazil,confirmed,0.0,2020-01-28
Brazil,confirmed,0.0,2020-01-29
Brazil,confirmed,0.0,2020-01-30
Brazil,confirmed,0.0,2020-01-31
Brazil,confirmed,0.0,2020-02-01
Brazil,confirmed,0.0,2020-02-02
Brazil,confirmed,0.0,2020-02-03
Brazil,confirmed,0.0,2020-02-04
Brazil,confirmed,0.0,2020-02-05
Brazil,confirmed,0.0,2020-02-06
Brazil,confirmed,0.0,2020-02-07
Brazil,confirmed,0.0,2020-02-08
Brazil,confirmed,0.0,2020-02-09
Brazil,confirmed,0.0,2020-02-10
Brazil,confirmed,0.0,2020-02-11
Brazil,confirmed,0.0,2020-02-12
Brazil,confirmed,0.0,2020-02-13
Brazil,confirmed,0.0,2020-02-14
Brazil,confirmed,0.0,2020-02-15
Brazil,confirmed,0.0,2020-02-16
Brazil,confirmed,0.0,2020-02-17
Brazil,confirmed,0.0,2020-02-18
Brazil,confirmed,0.0,2020-02-19
Brazil,confirmed,0.0,2020-02-20
Brazil,confirmed,0.0,2020-02-21
Brazil,confirmed,0.0,2020-02-22
Brazil,confirmed,0.0,2020-02-23
Brazil,confirmed,0.0,2020-02-24
Brazil,confirmed,0.0,2020-02-25
Brazil,confirmed,1.0,2020-02-26
Cambodia,confirmed,0.0,2020-01-22
Cambodia,confirmed,0.0,2020-01-23
Cambodia,confirmed,0.0,2020-01-24
Cambodia,confirmed,0.0,2020-01-25
Cambodia,confirmed,0.0,2020-01-26
Cambodia,confirmed,1.0,2020-01-27
Cambodia,confirmed,1.0,2020-01-28
Cambodia,confirmed,1.0,2020-01-29
Cambodia,confirmed,1.0,2020-01-30
Cambodia,confirmed,1.0,2020-01-31
Cambodia,confirmed,1.0,2020-02-01
Cambodia,confirmed,1.0,2020-02-02
Cambodia,confirmed,1.0,2020-02-03
Cambodia,confirmed,1.0,2020-02-04
Cambodia,confirmed,1.0,2020-02-05
Cambodia,confirmed,1.0,2020-02-06
Cambodia,confirmed,1.0,2020-02-07
Cambodia,confirmed,1.0,2020-02-08
Cambodia,confirmed,1.0,2020-02-09
Cambodia,confirmed,1.0,2020-02-10
Cambodia,confirmed,1.0,2020-02-11
Cambodia,confirmed,2.0,2020-02-12
Cambodia,confirmed,2.0,2020-02-13
Cambodia,confirmed,2.0,2020-02-14
Cambodia,confirmed,2.0,2020-02-15
Cambodia,confirmed,2.0,2020-02-16
Cambodia,confirmed,2.0,2020-02-17
Cambodia,confirmed,2.0,2020-02-18
Cambodia,confirmed,2.0,2020-02-19
Cambodia,confirmed,2.0,2020-02-20
Cambodia,confirmed,2.0,2020-02-21
Cambodia,confirmed,2.0,2020-02-22
Cambodia,confirmed,2.0,2020-02-23
Cambodia,confirmed,2.0,2020-02-24
Cambodia,confirmed,2.0,2020-02-25
Cambodia,confirmed,2.0,2020-02-26
Canada,confirmed,0.0,2020-01-22
Canada,confirmed,0.0,2020-01-23
Canada,confirmed,0.0,2020-01-24
Canada,confirmed,0.0,2020-01-25
Canada,confirmed,1.0,2020-01-26
Canada,confirmed,1.0,2020-01-27
Canada,confirmed,2.0,2020-01-28
Canada,confirmed,2.0,2020-01-29
Canada,confirmed,2.0,2020-01-30
Canada,confirmed,4.0,2020-01-31
Canada,confirmed,4.0,2020-02-01
Canada,confirmed,4.0,2020-02-02
Canada,confirmed,4.0,2020-02-03
Canada,confirmed,4.0,2020-02-04
Canada,confirmed,5.0,2020-02-05
Canada,confirmed,5.0,2020-02-06
Canada,confirmed,7.0,2020-02-07
Canada,confirmed,7.0,2020-02-08
Canada,confirmed,7.0,2020-02-09
Canada,confirmed,7.0,2020-02-10
Canada,confirmed,7.0,2020-02-11
Canada,confirmed,8.0,2020-02-12
Canada,confirmed,8.0,2020-02-13
Canada,confirmed,8.0,2020-02-14
Canada,confirmed,8.0,2020-02-15
Canada,confirmed,8.0,2020-02-16
Canada,confirmed,9.0,2020-02-17
Canada,confirmed,9.0,2020-02-18
Canada,confirmed,9.0,2020-02-19
Canada,confirmed,9.0,2020-02-20
Canada,confirmed,12.0,2020-02-21
Canada,confirmed,12.0,2020-02-22
Canada,confirmed,12.0,2020-02-23
Canada,confirmed,13.0,2020-02-24
Canada,confirmed,14.0,2020-02-25
Canada,confirmed,14.0,2020-02-26
Croatia,confirmed,0.0,2020-01-22
Croatia,confirmed,0.0,2020-01-23
Croatia,confirmed,0.0,2020-01-24
Croatia,confirmed,0.0,2020-01-25
Croatia,confirmed,0.0,2020-01-26
Croatia,confirmed,0.0,2020-01-27
Croatia,confirmed,0.0,2020-01-28
Croatia,confirmed,0.0,2020-01-29
Croatia,confirmed,0.0,2020-01-30
Croatia,confirmed,0.0,2020-01-31
Croatia,confirmed,0.0,2020-02-01
Croatia,confirmed,0.0,2020-02-02
Croatia,confirmed,0.0,2020-02-03
Croatia,confirmed,0.0,2020-02-04
Croatia,confirmed,0.0,2020-02-05
Croatia,confirmed,0.0,2020-02-06
Croatia,confirmed,0.0,2020-02-07
Croatia,confirmed,0.0,2020-02-08
Croatia,confirmed,0.0,2020-02-09
Croatia,confirmed,0.0,2020-02-10
Croatia,confirmed,0.0,2020-02-11
Croatia,confirmed,0.0,2020-02-12
Croatia,confirmed,0.0,2020-02-13
Croatia,confirmed,0.0,2020-02-14
Croatia,confirmed,0.0,2020-02-15
Croatia,confirmed,0.0,2020-02-16
Croatia,confirmed,0.0,2020-02-17
Croatia,confirmed,0.0,2020-02-18
Croatia,confirmed,0.0,2020-02-19
Croatia,confirmed,0.0,2020-02-20
Croatia,confirmed,0.0,2020-02-21
Croatia,confirmed,0.0,2020-02-22
Croatia,confirmed,0.0,2020-02-23
Croatia,confirmed,0.0,2020-02-24
Croatia,confirmed,1.0,2020-02-25
Croatia,confirmed,3.0,2020-02-26
Egypt,confirmed,0.0,2020-01-22
Egypt,confirmed,0.0,2020-01-23
Egypt,confirmed,0.0,2020-01-24
Egypt,confirmed,0.0,2020-01-25
Egypt,confirmed,0.0,2020-01-26
Egypt,confirmed,0.0,2020-01-27
Egypt,confirmed,0.0,2020-01-28
Egypt,confirmed,0.0,2020-01-29
Egypt,confirmed,0.0,2020-01-30
Egypt,confirmed,0.0,2020-01-31
Egypt,confirmed,0.0,2020-02-01
Egypt,confirmed,0.0,2020-02-02
Egypt,confirmed,0.0,2020-02-03
Egypt,confirmed,0.0,2020-02-04
Egypt,confirmed,0.0,2020-02-05
Egypt,confirmed,0.0,2020-02-06
Egypt,confirmed,0.0,2020-02-07
Egypt,confirmed,0.0,2020-02-08
Egypt,confirmed,0.0,2020-02-09
Egypt,confirmed,0.0,2020-02-10
Egypt,confirmed,0.0,2020-02-11
Egypt,confirmed,0.0,2020-02-12
Egypt,confirmed,0.0,2020-02-13
Egypt,confirmed,1.0,2020-02-14
Egypt,confirmed,1.0,2020-02-15
Egypt,confirmed,1.0,2020-02-16
Egypt,confirmed,1.0,2020-02-17
Egypt,confirmed,1.0,2020-02-18
Egypt,confirmed,1.0,2020-02-19
Egypt,confirmed,1.0,2020-02-20
Egypt,confirmed,1.0,2020-02-21
Egypt,confirmed,1.0,2020-02-22
Egypt,confirmed,1.0,2020-02-23
Egypt,confirmed,1.0,2020-02-24
Egypt,confirmed,1.0,2020-02-25
Egypt,confirmed,1.0,2020-02-26
Finland,confirmed,0.0,2020-01-22
Finland,confirmed,0.0,2020-01-23
Finland,confirmed,0.0,2020-01-24
Finland,confirmed,0.0,2020-01-25
Finland,confirmed,0.0,2020-01-26
Finland,confirmed,0.0,2020-01-27
Finland,confirmed,0.0,2020-01-28
Finland,confirmed,1.0,2020-01-29
Finland,confirmed,1.0,2020-01-30
Finland,confirmed,1.0,2020-01-31
Finland,confirmed,1.0,2020-02-01
Finland,confirmed,1.0,2020-02-02
Finland,confirmed,1.0,2020-02-03
Finland,confirmed,1.0,2020-02-04
Finland,confirmed,1.0,2020-02-05
Finland,confirmed,1.0,2020-02-06
Finland,confirmed,1.0,2020-02-07
Finland,confirmed,1.0,2020-02-08
Finland,confirmed,1.0,2020-02-09
Finland,confirmed,1.0,2020-02-10
Finland,confirmed,1.0,2020-02-11
Finland,confirmed,2.0,2020-02-12
Finland,confirmed,2.0,2020-02-13
Finland,confirmed,2.0,2020-02-14
Finland,confirmed,2.0,2020-02-15
Finland,confirmed,2.0,2020-02-16
Finland,confirmed,2.0,2020-02-17
Finland,confirmed,2.0,2020-02-18
Finland,confirmed,2.0,2020-02-19
Finland,confirmed,2.0,2020-02-20
Finland,confirmed,2.0,2020-02-21
Finland,confirmed,2.0,2020-02-22
Finland,confirmed,2.0,2020-02-23
Finland,confirmed,2.0,2020-02-24
Finland,confirmed,2.0,2020-02-25
Finland,confirmed,3.0,2020-02-26
France,confirmed,0.0,2020-01-22
France,confirmed,0.0,2020-01-23
France,confirmed,2.0,2020-01-24
France,confirmed,3.0,2020-01-25
France,confirmed,3.0,2020-01-26
France,confirmed,3.0,2020-01-27
France,confirmed,4.0,2020-01-28
France,confirmed,5.0,2020-01-29
France,confirmed,5.0,2020-01-30
France,confirmed,5.0,2020-01-31
France,confirmed,6.0,2020-02-01
France,confirmed,6.0,2020-02-02
France,confirmed,6.0,2020-02-03
France,confirmed,6.0,2020-02-04
France,confirmed,6.0,2020-02-05
France,confirmed,6.0,2020-02-06
France,confirmed,6.0,2020-02-07
France,confirmed,11.0,2020-02-08
France,confirmed,11.0,2020-02-09
France,confirmed,11.0,2020-02-10
France,confirmed,11.0,2020-02-11
France,confirmed,13.0,2020-02-12
France,confirmed,13.0,2020-02-13
France,confirmed,13.0,2020-02-14
France,confirmed,17.0,2020-02-15
France,confirmed,17.0,2020-02-16
France,confirmed,17.0,2020-02-17
France,confirmed,17.0,2020-02-18
France,confirmed,17.0,2020-02-19
France,confirmed,17.0,2020-02-20
France,confirmed,17.0,2020-02-21
France,confirmed,17.0,2020-02-22
France,confirmed,17.0,2020-02-23
France,confirmed,17.0,2020-02-24
France,confirmed,26.0,2020-02-25
France,confirmed,31.0,2020-02-26
Georgia,confirmed,0.0,2020-01-22
Georgia,confirmed,0.0,2020-01-23
Georgia,confirmed,0.0,2020-01-24
Georgia,confirmed,0.0,2020-01-25
Georgia,confirmed,0.0,2020-01-26
Georgia,confirmed,0.0,2020-01-27
Georgia,confirmed,0.0,2020-01-28
Georgia,confirmed,0.0,2020-01-29
Georgia,confirmed,0.0,2020-01-30
Georgia,confirmed,0.0,2020-01-31
Georgia,confirmed,0.0,2020-02-01
Georgia,confirmed,0.0,2020-02-02
Georgia,confirmed,0.0,2020-02-03
Georgia,confirmed,0.0,2020-02-04
Georgia,confirmed,0.0,2020-02-05
Georgia,confirmed,0.0,2020-02-06
Georgia,confirmed,0.0,2020-02-07
Georgia,confirmed,0.0,2020-02-08
Georgia,confirmed,0.0,2020-02-09
Georgia,confirmed,0.0,2020-02-10
Georgia,confirmed,0.0,2020-02-11
Georgia,confirmed,0.0,2020-02-12
Georgia,confirmed,0.0,2020-02-13
Georgia,confirmed,0.0,2020-02-14
Georgia,confirmed,0.0,2020-02-15
Georgia,confirmed,0.0,2020-02-16
Georgia,confirmed,0.0,2020-02-17
Georgia,confirmed,0.0,2020-02-18
Georgia,confirmed,0.0,2020-02-19
Georgia,confirmed,0.0,2020-02-20
Georgia,confirmed,0.0,2020-02-21
Georgia,confirmed,0.0,2020-02-22
Georgia,confirmed,0.0,2020-02-23
Georgia,confirmed,0.0,2020-02-24
Georgia,confirmed,0.0,2020-02-25
Georgia,confirmed,1.0,2020-02-26
Germany,confirmed,0.0,2020-01-22
Germany,confirmed,0.0,2020-01-23
Germany,confirmed,0.0,2020-01-24
Germany,confirmed,0.0,2020-01-25
Germany,confirmed,0.0,2020-01-26
Germany,confirmed,1.0,2020-01-27
Germany,confirmed,4.0,2020-01-28
Germany,confirmed,4.0,2020-01-29
Germany,confirmed,4.0,2020-01-30
Germany,confirmed,5.0,2020-01-31
Germany,confirmed,8.0,2020-02-01
Germany,confirmed,10.0,2020-02-02
Germany,confirmed,12.0,2020-02-03
Germany,confirmed,12.0,2020-02-04
Germany,confirmed,12.0,2020-02-05
Germany,confirmed,12.0,2020-02-06
Germany,confirmed,13.0,2020-02-07
Germany,confirmed,13.0,2020-02-08
Germany,confirmed,14.0,2020-02-09
Germany,confirmed,14.0,2020-02-10
Germany,confirmed,16.0,2020-02-11
Germany,confirmed,16.0,2020-02-12
Germany,confirmed,17.0,2020-02-13
Germany,confirmed,17.0,2020-02-14
Germany,confirmed,17.0,2020-02-15
Germany,confirmed,17.0,2020-02-16
Germany,confirmed,17.0,2020-02-17
Germany,confirmed,28.0,2020-02-18
Germany,confirmed,28.0,2020-02-19
Germany,confirmed,28.0,2020-02-20
Germany,confirmed,30.0,2020-02-21
Germany,confirmed,30.0,2020-02-22
Germany,confirmed,30.0,2020-02-23
Germany,confirmed,30.0,2020-02-24
Germany,confirmed,31.0,2020-02-25
Germany,confirmed,42.0,2020-02-26
Greece,confirmed,0.0,2020-01-22
Greece,confirmed,0.0,2020-01-23
Greece,confirmed,0.0,2020-01-24
Greece,confirmed,0.0,2020-01-25
Greece,confirmed,0.0,2020-01-26
Greece,confirmed,0.0,2020-01-27
Greece,confirmed,0.0,2020-01-28
Greece,confirmed,0.0,2020-01-29
Greece,confirmed,0.0,2020-01-30
Greece,confirmed,0.0,2020-01-31
Greece,confirmed,0.0,2020-02-01
Greece,confirmed,0.0,2020-02-02
Greece,confirmed,0.0,2020-02-03
Greece,confirmed,0.0,2020-02-04
Greece,confirmed,0.0,2020-02-05
Greece,confirmed,0.0,2020-02-06
Greece,confirmed,0.0,2020-02-07
Greece,confirmed,0.0,2020-02-08
Greece,confirmed,0.0,2020-02-09
Greece,confirmed,0.0,2020-02-10
Greece,confirmed,0.0,2020-02-11
Greece,confirmed,0.0,2020-02-12
Greece,confirmed,0.0,2020-02-13
Greece,confirmed,0.0,2020-02-14
Greece,confirmed,0.0,2020-02-15
Greece,confirmed,0.0,2020-02-16
Greece,confirmed,0.0,2020-02-17
Greece,confirmed,0.0,2020-02-18
Greece,confirmed,0.0,2020-02-19
Greece,confirmed,0.0,2020-02-20
Greece,confirmed,0.0,2020-02-21
Greece,confirmed,0.0,2020-02-22
Greece,confirmed,0.0,2020-02-23
Greece,confirmed,0.0,2020-02-24
Greece,confirmed,0.0,2020-02-25
Greece,confirmed,1.0,2020-02-26
India,confirmed,0.0,2020-01-22
India,confirmed,0.0,2020-01-23
India,confirmed,0.0,2020-01-24
India,confirmed,0.0,2020-01-25
India,confirmed,0.0,2020-01-26
India,confirmed,0.0,2020-01-27
India,confirmed,0.0,2020-01-28
India,confirmed,0.0,2020-01-29
India,confirmed,1.0,2020-01-30
India,confirmed,1.0,2020-01-31
India,confirmed,1.0,2020-02-01
India,confirmed,2.0,2020-02-02
India,confirmed,3.0,2020-02-03
India,confirmed,3.0,2020-02-04
India,confirmed,3.0,2020-02-05
India,confirmed,3.0,2020-02-06
India,confirmed,3.0,2020-02-07
India,confirmed,3.0,2020-02-08
India,confirmed,3.0,2020-02-09
India,confirmed,3.0,2020-02-10
India,confirmed,3.0,2020-02-11
India,confirmed,3.0,2020-02-12
India,confirmed,3.0,2020-02-13
India,confirmed,3.0,2020-02-14
India,confirmed,3.0,2020-02-15
India,confirmed,6.0,2020-02-16
India,confirmed,6.0,2020-02-17
India,confirmed,6.0,2020-02-18
India,confirmed,6.0,2020-02-19
India,confirmed,6.0,2020-02-20
India,confirmed,6.0,2020-02-21
India,confirmed,6.0,2020-02-22
India,confirmed,6.0,2020-02-23
India,confirmed,6.0,2020-02-24
India,confirmed,6.0,2020-02-25
India,confirmed,6.0,2020-02-26
Iran,confirmed,0.0,2020-01-22
Iran,confirmed,0.0,2020-01-23
Iran,confirmed,0.0,2020-01-24
Iran,confirmed,0.0,2020-01-25
Iran,confirmed,0.0,2020-01-26
Iran,confirmed,0.0,2020-01-27
Iran,confirmed,0.0,2020-01-28
Iran,confirmed,0.0,2020-01-29
Iran,confirmed,0.0,2020-01-30
Iran,confirmed,0.0,2020-01-31
Iran,confirmed,0.0,2020-02-01
Iran,confirmed,0.0,2020-02-02
Iran,confirmed,0.0,2020-02-03
Iran,confirmed,0.0,2020-02-04
Iran,confirmed,0.0,2020-02-05
Iran,confirmed,0.0,2020-02-06
Iran,confirmed,0.0,2020-02-07
Iran,confirmed,0.0,2020-02-08
Iran,confirmed,0.0,2020-02-09
Iran,confirmed,0.0,2020-02-10
Iran,confirmed,0.0,2020-02-11
Iran,confirmed,0.0,2020-02-12
Iran,confirmed,0.0,2020-02-13
Iran,confirmed,0.0,2020-02-14
Iran,confirmed,0.0,2020-02-15
Iran,confirmed,0.0,2020-02-16
Iran,confirmed,0.0,2020-02-17
Iran,confirmed,0.0,2020-02-18
Iran,confirmed,4.0,2020-02-19
Iran,confirmed,7.0,2020-02-20
Iran,confirmed,22.0,2020-02-21
Iran,confirmed,33.0,2020-02-22
Iran,confirmed,51.0,2020-02-23
Iran,confirmed,73.0,2020-02-24
Iran,confirmed,111.0,2020-02-25
Iran,confirmed,207.0,2020-02-26
Iraq,confirmed,0.0,2020-01-22
Iraq,confirmed,0.0,2020-01-23
Iraq,confirmed,0.0,2020-01-24
Iraq,confirmed,0.0,2020-01-25
Iraq,confirmed,0.0,2020-01-26
Iraq,confirmed,0.0,2020-01-27
Iraq,confirmed,0.0,2020-01-28
Iraq,confirmed,0.0,2020-01-29
Iraq,confirmed,0.0,2020-01-30
Iraq,confirmed,0.0,2020-01-31
Iraq,confirmed,0.0,2020-02-01
Iraq,confirmed,0.0,2020-02-02
Iraq,confirmed,0.0,2020-02-03
Iraq,confirmed,0.0,2020-02-04
Iraq,confirmed,0.0,2020-02-05
Iraq,confirmed,0.0,2020-02-06
Iraq,confirmed,0.0,2020-02-07
Iraq,confirmed,0.0,2020-02-08
Iraq,confirmed,0.0,2020-02-09
Iraq,confirmed,0.0,2020-02-10
Iraq,confirmed,0.0,2020-02-11
Iraq,confirmed,0.0,2020-02-12
Iraq,confirmed,0.0,2020-02-13
Iraq,confirmed,0.0,2020-02-14
Iraq,confirmed,0.0,2020-02-15
Iraq,confirmed,0.0,2020-02-16
Iraq,confirmed,0.0,2020-02-17
Iraq,confirmed,0.0,2020-02-18
Iraq,confirmed,0.0,2020-02-19
Iraq,confirmed,0.0,2020-02-20
Iraq,confirmed,0.0,2020-02-21
Iraq,confirmed,0.0,2020-02-22
Iraq,confirmed,0.0,2020-02-23
Iraq,confirmed,1.0,2020-02-24
Iraq,confirmed,1.0,2020-02-25
Iraq,confirmed,5.0,2020-02-26
Israel,confirmed,0.0,2020-01-22
Israel,confirmed,0.0,2020-01-23
Israel,confirmed,0.0,2020-01-24
Israel,confirmed,0.0,2020-01-25
Israel,confirmed,0.0,2020-01-26
Israel,confirmed,0.0,2020-01-27
Israel,confirmed,0.0,2020-01-28
Israel,confirmed,0.0,2020-01-29
Israel,confirmed,0.0,2020-01-30
Israel,confirmed,0.0,2020-01-31
Israel,confirmed,0.0,2020-02-01
Israel,confirmed,0.0,2020-02-02
Israel,confirmed,0.0,2020-02-03
Israel,confirmed,0.0,2020-02-04
Israel,confirmed,0.0,2020-02-05
Israel,confirmed,0.0,2020-02-06
Israel,confirmed,0.0,2020-02-07
Israel,confirmed,0.0,2020-02-08
Israel,confirmed,0.0,2020-02-09
Israel,confirmed,0.0,2020-02-10
Israel,confirmed,0.0,2020-02-11
Israel,confirmed,0.0,2020-02-12
Israel,confirmed,0.0,2020-02-13
Israel,confirmed,0.0,2020-02-14
Israel,confirmed,0.0,2020-02-15
Israel,confirmed,0.0,2020-02-16
Israel,confirmed,0.0,2020-02-17
Israel,confirmed,0.0,2020-02-18
Israel,confirmed,0.0,2020-02-19
Israel,confirmed,0.0,2020-02-20
Israel,confirmed,1.0,2020-02-21
Israel,confirmed,1.0,2020-02-22
Israel,confirmed,1.0,2020-02-23
Israel,confirmed,1.0,2020-02-24
Israel,confirmed,1.0,2020-02-25
Israel,confirmed,2.0,2020-02-26
Italy,confirmed,0.0,2020-01-22
Italy,confirmed,0.0,2020-01-23
Italy,confirmed,0.0,2020-01-24
Italy,confirmed,0.0,2020-01-25
Italy,confirmed,0.0,2020-01-26
Italy,confirmed,0.0,2020-01-27
Italy,confirmed,0.0,2020-01-28
Italy,confirmed,0.0,2020-01-29
Italy,confirmed,0.0,2020-01-30
Italy,confirmed,2.0,2020-01-31
Italy,confirmed,2.0,2020-02-01
Italy,confirmed,2.0,2020-02-02
Italy,confirmed,2.0,2020-02-03
Italy,confirmed,2.0,2020-02-04
Italy,confirmed,2.0,2020-02-05
Italy,confirmed,2.0,2020-02-06
Italy,confirmed,3.0,2020-02-07
Italy,confirmed,3.0,2020-02-08
Italy,confirmed,3.0,2020-02-09
Italy,confirmed,3.0,2020-02-10
Italy,confirmed,3.0,2020-02-11
Italy,confirmed,3.0,2020-02-12
Italy,confirmed,3.0,2020-02-13
Italy,confirmed,3.0,2020-02-14
Italy,confirmed,3.0,2020-02-15
Italy,confirmed,3.0,2020-02-16
Italy,confirmed,3.0,2020-02-17
Italy,confirmed,3.0,2020-02-18
Italy,confirmed,3.0,2020-02-19
Italy,confirmed,3.0,2020-02-20
Italy,confirmed,21.0,2020-02-21
Italy,confirmed,65.0,2020-02-22
Italy,confirmed,160.0,2020-02-23
Italy,confirmed,237.0,2020-02-24
Italy,confirmed,333.0,2020-02-25
Italy,confirmed,468.0,2020-02-26
Japan,confirmed,2.0,2020-01-22
Japan,confirmed,1.0,2020-01-23
Japan,confirmed,2.0,2020-01-24
Japan,confirmed,2.0,2020-01-25
Japan,confirmed,5.0,2020-01-26
Japan,confirmed,5.0,2020-01-27
Japan,confirmed,8.0,2020-01-28
Japan,confirmed,8.0,2020-01-29
Japan,confirmed,12.0,2020-01-30
Japan,confirmed,16.0,2020-01-31
Japan,confirmed,21.0,2020-02-01
Japan,confirmed,21.0,2020-02-02
Japan,confirmed,21.0,2020-02-03
Japan,confirmed,23.0,2020-02-04
Japan,confirmed,23.0,2020-02-05
Japan,confirmed,46.0,2020-02-06
Japan,confirmed,26.0,2020-02-07
Japan,confirmed,26.0,2020-02-08
Japan,confirmed,27.0,2020-02-09
Japan,confirmed,30.0,2020-02-10
Japan,confirmed,35.0,2020-02-11
Japan,confirmed,37.0,2020-02-12
Japan,confirmed,38.0,2020-02-13
Japan,confirmed,39.0,2020-02-14
Japan,confirmed,56.0,2020-02-15
Japan,confirmed,72.0,2020-02-16
Japan,confirmed,79.0,2020-02-17
Japan,confirmed,88.0,2020-02-18
Japan,confirmed,103.0,2020-02-19
Japan,confirmed,113.0,2020-02-20
Japan,confirmed,128.0,2020-02-21
Japan,confirmed,145.0,2020-02-22
Japan,confirmed,170.0,2020-02-23
Japan,confirmed,182.0,2020-02-24
Japan,confirmed,193.0,2020-02-25
Japan,confirmed,213.0,2020-02-26
Kuwait,confirmed,0.0,2020-01-22
Kuwait,confirmed,0.0,2020-01-23
Kuwait,confirmed,0.0,2020-01-24
Kuwait,confirmed,0.0,2020-01-25
Kuwait,confirmed,0.0,2020-01-26
Kuwait,confirmed,0.0,2020-01-27
Kuwait,confirmed,0.0,2020-01-28
Kuwait,confirmed,0.0,2020-01-29
Kuwait,confirmed,0.0,2020-01-30
Kuwait,confirmed,0.0,2020-01-31
Kuwait,confirmed,0.0,2020-02-01
Kuwait,confirmed,0.0,2020-02-02
Kuwait,confirmed,0.0,2020-02-03
Kuwait,confirmed,0.0,2020-02-04
Kuwait,confirmed,0.0,2020-02-05
Kuwait,confirmed,0.0,2020-02-06
Kuwait,confirmed,0.0,2020-02-07
Kuwait,confirmed,0.0,2020-02-08
Kuwait,confirmed,0.0,2020-02-09
Kuwait,confirmed,0.0,2020-02-10
Kuwait,confirmed,0.0,2020-02-11
Kuwait,confirmed,0.0,2020-02-12
Kuwait,confirmed,0.0,2020-02-13
Kuwait,confirmed,0.0,2020-02-14
Kuwait,confirmed,0.0,2020-02-15
Kuwait,confirmed,0.0,2020-02-16
Kuwait,confirmed,0.0,2020-02-17
Kuwait,confirmed,0.0,2020-02-18
Kuwait,confirmed,0.0,2020-02-19
Kuwait,confirmed,0.0,2020-02-20
Kuwait,confirmed,0.0,2020-02-21
Kuwait,confirmed,0.0,2020-02-22
Kuwait,confirmed,0.0,2020-02-23
Kuwait,confirmed,1.0,2020-02-24
Kuwait,confirmed,11.0,2020-02-25
Kuwait,confirmed,26.0,2020-02-26
Lebanon,confirmed,0.0,2020-01-22
Lebanon,confirmed,0.0,2020-01-23
Lebanon,confirmed,0.0,2020-01-24
Lebanon,confirmed,0.0,2020-01-25
Lebanon,confirmed,0.0,2020-01-26
Lebanon,confirmed,0.0,2020-01-27
Lebanon,confirmed,0.0,2020-01-28
Lebanon,confirmed,0.0,2020-01-29
Lebanon,confirmed,0.0,2020-01-30
Lebanon,confirmed,0.0,2020-01-31
Lebanon,confirmed,0.0,2020-02-01
Lebanon,confirmed,0.0,2020-02-02
Lebanon,confirmed,0.0,2020-02-03
Lebanon,confirmed,0.0,2020-02-04
Lebanon,confirmed,0.0,2020-02-05
Lebanon,confirmed,0.0,2020-02-06
Lebanon,confirmed,0.0,2020-02-07
Lebanon,confirmed,0.0,2020-02-08
Lebanon,confirmed,0.0,2020-02-09
Lebanon,confirmed,0.0,2020-02-10
Lebanon,confirmed,0.0,2020-02-11
Lebanon,confirmed,0.0,2020-02-12
Lebanon,confirmed,0.0,2020-02-13
Lebanon,confirmed,0.0,2020-02-14
Lebanon,confirmed,0.0,2020-02-15
Lebanon,confirmed,0.0,2020-02-16
Lebanon,confirmed,0.0,2020-02-17
Lebanon,confirmed,0.0,2020-02-18
Lebanon,confirmed,0.0,2020-02-19
Lebanon,confirmed,0.0,2020-02-20
Lebanon,confirmed,1.0,2020-02-21
Lebanon,confirmed,1.0,2020-02-22
Lebanon,confirmed,1.0,2020-02-23
Lebanon,confirmed,1.0,2020-02-24
Lebanon,confirmed,1.0,2020-02-25
Lebanon,confirmed,2.0,2020-02-26
Malaysia,confirmed,0.0,2020-01-22
Malaysia,confirmed,0.0,2020-01-23
Malaysia,confirmed,0.0,2020-01-24
Malaysia,confirmed,3.0,2020-01-25
Malaysia,confirmed,4.0,2020-01-26
Malaysia,confirmed,4.0,2020-01-27
Malaysia,confirmed,4.0,2020-01-28
Malaysia,confirmed,7.0,2020-01-29
Malaysia,confirmed,8.0,2020-01-30
Malaysia,confirmed,8.0,2020-01-31
Malaysia,confirmed,8.0,2020-02-01
Malaysia,confirmed,8.0,2020-02-02
Malaysia,confirmed,8.0,2020-02-03
Malaysia,confirmed,10.0,2020-02-04
Malaysia,confirmed,12.0,2020-02-05
Malaysia,confirmed,12.0,2020-02-06
Malaysia,confirmed,13.0,2020-02-07
Malaysia,confirmed,17.0,2020-02-08
Malaysia,confirmed,17.0,2020-02-09
Malaysia,confirmed,19.0,2020-02-10
Malaysia,confirmed,21.0,2020-02-11
Malaysia,confirmed,21.0,2020-02-12
Malaysia,confirmed,22.0,2020-02-13
Malaysia,confirmed,22.0,2020-02-14
Malaysia,confirmed,29.0,2020-02-15
Malaysia,confirmed,29.0,2020-02-16
Malaysia,confirmed,29.0,2020-02-17
Malaysia,confirmed,35.0,2020-02-18
Malaysia,confirmed,37.0,2020-02-19
Malaysia,confirmed,37.0,2020-02-20
Malaysia,confirmed,37.0,2020-02-21
Malaysia,confirmed,37.0,2020-02-22
Malaysia,confirmed,37.0,2020-02-23
Malaysia,confirmed,40.0,2020-02-24
Malaysia,confirmed,40.0,2020-02-25
Malaysia,confirmed,40.0,2020-02-26
Nepal,confirmed,0.0,2020-01-22
Nepal,confirmed,0.0,2020-01-23
Nepal,confirmed,0.0,2020-01-24
Nepal,confirmed,1.0,2020-01-25
Nepal,confirmed,1.0,2020-01-26
Nepal,confirmed,1.0,2020-01-27
Nepal,confirmed,1.0,2020-01-28
Nepal,confirmed,1.0,2020-01-29
Nepal,confirmed,1.0,2020-01-30
Nepal,confirmed,1.0,2020-01-31
Nepal,confirmed,1.0,2020-02-01
Nepal,confirmed,1.0,2020-02-02
Nepal,confirmed,1.0,2020-02-03
Nepal,confirmed,1.0,2020-02-04
Nepal,confirmed,1.0,2020-02-05
Nepal,confirmed,1.0,2020-02-06
Nepal,confirmed,1.0,2020-02-07
Nepal,confirmed,1.0,2020-02-08
Nepal,confirmed,1.0,2020-02-09
Nepal,confirmed,1.0,2020-02-10
Nepal,confirmed,1.0,2020-02-11
Nepal,confirmed,2.0,2020-02-12
Nepal,confirmed,2.0,2020-02-13
Nepal,confirmed,2.0,2020-02-14
Nepal,confirmed,2.0,2020-02-15
Nepal,confirmed,2.0,2020-02-16
Nepal,confirmed,2.0,2020-02-17
Nepal,confirmed,2.0,2020-02-18
Nepal,confirmed,2.0,2020-02-19
Nepal,confirmed,2.0,2020-02-20
Nepal,confirmed,2.0,2020-02-21
Nepal,confirmed,2.0,2020-02-22
Nepal,confirmed,2.0,2020-02-23
Nepal,confirmed,2.0,2020-02-24
Nepal,confirmed,2.0,2020-02-25
Nepal,confirmed,2.0,2020-02-26
North Macedonia,confirmed,0.0,2020-01-22
North Macedonia,confirmed,0.0,2020-01-23
North Macedonia,confirmed,0.0,2020-01-24
North Macedonia,confirmed,0.0,2020-01-25
North Macedonia,confirmed,0.0,2020-01-26
North Macedonia,confirmed,0.0,2020-01-27
North Macedonia,confirmed,0.0,2020-01-28
North Macedonia,confirmed,0.0,2020-01-29
North Macedonia,confirmed,0.0,2020-01-30
North Macedonia,confirmed,0.0,2020-01-31
North Macedonia,confirmed,0.0,2020-02-01
North Macedonia,confirmed,0.0,2020-02-02
North Macedonia,confirmed,0.0,2020-02-03
North Macedonia,confirmed,0.0,2020-02-04
North Macedonia,confirmed,0.0,2020-02-05
North Macedonia,confirmed,0.0,2020-02-06
North Macedonia,confirmed,0.0,2020-02-07
North Macedonia,confirmed,0.0,2020-02-08
North Macedonia,confirmed,0.0,2020-02-09
North Macedonia,confirmed,0.0,2020-02-10
North Macedonia,confirmed,0.0,2020-02-11
North Macedonia,confirmed,0.0,2020-02-12
North Macedonia,confirmed,0.0,2020-02-13
North Macedonia,confirmed,0.0,2020-02-14
North Macedonia,confirmed,0.0,2020-02-15
North Macedonia,confirmed,0.0,2020-02-16
North Macedonia,confirmed,0.0,2020-02-17
North Macedonia,confirmed,0.0,2020-02-18
North Macedonia,confirmed,0.0,2020-02-19
North Macedonia,confirmed,0.0,2020-02-20
North Macedonia,confirmed,0.0,2020-02-21
North Macedonia,confirmed,0.0,2020-02-22
North Macedonia,confirmed,0.0,2020-02-23
North Macedonia,confirmed,0.0,2020-02-24
North Macedonia,confirmed,0.0,2020-02-25
North Macedonia,confirmed,1.0,2020-02-26
Norway,confirmed,0.0,2020-01-22
Norway,confirmed,0.0,2020-01-23
Norway,confirmed,0.0,2020-01-24
Norway,confirmed,0.0,2020-01-25
Norway,confirmed,0.0,2020-01-26
Norway,confirmed,0.0,2020-01-27
Norway,confirmed,0.0,2020-01-28
Norway,confirmed,0.0,2020-01-29
Norway,confirmed,0.0,2020-01-30
Norway,confirmed,0.0,2020-01-31
Norway,confirmed,0.0,2020-02-01
Norway,confirmed,0.0,2020-02-02
Norway,confirmed,0.0,2020-02-03
Norway,confirmed,0.0,2020-02-04
Norway,confirmed,0.0,2020-02-05
Norway,confirmed,0.0,2020-02-06
Norway,confirmed,0.0,2020-02-07
Norway,confirmed,0.0,2020-02-08
Norway,confirmed,0.0,2020-02-09
Norway,confirmed,0.0,2020-02-10
Norway,confirmed,0.0,2020-02-11
Norway,confirmed,0.0,2020-02-12
Norway,confirmed,0.0,2020-02-13
Norway,confirmed,0.0,2020-02-14
Norway,confirmed,0.0,2020-02-15
Norway,confirmed,0.0,2020-02-16
Norway,confirmed,0.0,2020-02-17
Norway,confirmed,0.0,2020-02-18
Norway,confirmed,0.0,2020-02-19
Norway,confirmed,0.0,2020-02-20
Norway,confirmed,0.0,2020-02-21
Norway,confirmed,0.0,2020-02-22
Norway,confirmed,0.0,2020-02-23
Norway,confirmed,0.0,2020-02-24
Norway,confirmed,0.0,2020-02-25
Norway,confirmed,1.0,2020-02-26
Oman,confirmed,0.0,2020-01-22
Oman,confirmed,0.0,2020-01-23
Oman,confirmed,0.0,2020-01-24
Oman,confirmed,0.0,2020-01-25
Oman,confirmed,0.0,2020-01-26
Oman,confirmed,0.0,2020-01-27
Oman,confirmed,0.0,2020-01-28
Oman,confirmed,0.0,2020-01-29
Oman,confirmed,0.0,2020-01-30
Oman,confirmed,0.0,2020-01-31
Oman,confirmed,0.0,2020-02-01
Oman,confirmed,0.0,2020-02-02
Oman,confirmed,0.0,2020-02-03
Oman,confirmed,0.0,2020-02-04
Oman,confirmed,0.0,2020-02-05
Oman,confirmed,0.0,2020-02-06
Oman,confirmed,0.0,2020-02-07
Oman,confirmed,0.0,2020-02-08
Oman,confirmed,0.0,2020-02-09
Oman,confirmed,0.0,2020-02-10
Oman,confirmed,0.0,2020-02-11
Oman,confirmed,0.0,2020-02-12
Oman,confirmed,0.0,2020-02-13
Oman,confirmed,0.0,2020-02-14
Oman,confirmed,0.0,2020-02-15
Oman,confirmed,0.0,2020-02-16
Oman,confirmed,0.0,2020-02-17
Oman,confirmed,0.0,2020-02-18
Oman,confirmed,0.0,2020-02-19
Oman,confirmed,0.0,2020-02-20
Oman,confirmed,0.0,2020-02-21
Oman,confirmed,0.0,2020-02-22
Oman,confirmed,0.0,2020-02-23
Oman,confirmed,2.0,2020-02-24
Oman,confirmed,2.0,2020-02-25
Oman,confirmed,4.0,2020-02-26
Diamond Princess cruise ship,confirmed,0.0,2020-01-22
Diamond Princess cruise ship,confirmed,0.0,2020-01-23
Diamond Princess cruise ship,confirmed,0.0,2020-01-24
Diamond Princess cruise ship,confirmed,0.0,2020-01-25
Diamond Princess cruise ship,confirmed,0.0,2020-01-26
Diamond Princess cruise ship,confirmed,0.0,2020-01-27
Diamond Princess cruise ship,confirmed,0.0,2020-01-28
Diamond Princess cruise ship,confirmed,0.0,2020-01-29
Diamond Princess cruise ship,confirmed,0.0,2020-01-30
Diamond Princess cruise ship,confirmed,0.0,2020-01-31
Diamond Princess cruise ship,confirmed,0.0,2020-02-01
Diamond Princess cruise ship,confirmed,0.0,2020-02-02
Diamond Princess cruise ship,confirmed,0.0,2020-02-03
Diamond Princess cruise ship,confirmed,0.0,2020-02-04
Diamond Princess cruise ship,confirmed,0.0,2020-02-05
Diamond Princess cruise ship,confirmed,0.0,2020-02-06
Diamond Princess cruise ship,confirmed,61.0,2020-02-07
Diamond Princess cruise ship,confirmed,61.0,2020-02-08
Diamond Princess cruise ship,confirmed,64.0,2020-02-09
Diamond Princess cruise ship,confirmed,135.0,2020-02-10
Diamond Princess cruise ship,confirmed,135.0,2020-02-11
Diamond Princess cruise ship,confirmed,175.0,2020-02-12
Diamond Princess cruise ship,confirmed,175.0,2020-02-13
Diamond Princess cruise ship,confirmed,218.0,2020-02-14
Diamond Princess cruise ship,confirmed,285.0,2020-02-15
Diamond Princess cruise ship,confirmed,355.0,2020-02-16
Diamond Princess cruise ship,confirmed,454.0,2020-02-17
Diamond Princess cruise ship,confirmed,542.0,2020-02-18
Diamond Princess cruise ship,confirmed,622.0,2020-02-19
Diamond Princess cruise ship,confirmed,637.0,2020-02-20
Diamond Princess cruise ship,confirmed,637.0,2020-02-21
Diamond Princess cruise ship,confirmed,637.0,2020-02-22
Diamond Princess cruise ship,confirmed,694.0,2020-02-23
Diamond Princess cruise ship,confirmed,694.0,2020-02-24
Diamond Princess cruise ship,confirmed,694.0,2020-02-25
Diamond Princess cruise ship,confirmed,719.0,2020-02-26
Pakistan,confirmed,0.0,2020-01-22
Pakistan,confirmed,0.0,2020-01-23
Pakistan,confirmed,0.0,2020-01-24
Pakistan,confirmed,0.0,2020-01-25
Pakistan,confirmed,0.0,2020-01-26
Pakistan,confirmed,0.0,2020-01-27
Pakistan,confirmed,0.0,2020-01-28
Pakistan,confirmed,0.0,2020-01-29
Pakistan,confirmed,0.0,2020-01-30
Pakistan,confirmed,0.0,2020-01-31
Pakistan,confirmed,0.0,2020-02-01
Pakistan,confirmed,0.0,2020-02-02
Pakistan,confirmed,0.0,2020-02-03
Pakistan,confirmed,0.0,2020-02-04
Pakistan,confirmed,0.0,2020-02-05
Pakistan,confirmed,0.0,2020-02-06
Pakistan,confirmed,0.0,2020-02-07
Pakistan,confirmed,0.0,2020-02-08
Pakistan,confirmed,0.0,2020-02-09
Pakistan,confirmed,0.0,2020-02-10
Pakistan,confirmed,0.0,2020-02-11
Pakistan,confirmed,0.0,2020-02-12
Pakistan,confirmed,0.0,2020-02-13
Pakistan,confirmed,0.0,2020-02-14
Pakistan,confirmed,0.0,2020-02-15
Pakistan,confirmed,0.0,2020-02-16
Pakistan,confirmed,0.0,2020-02-17
Pakistan,confirmed,0.0,2020-02-18
Pakistan,confirmed,0.0,2020-02-19
Pakistan,confirmed,0.0,2020-02-20
Pakistan,confirmed,0.0,2020-02-21
Pakistan,confirmed,0.0,2020-02-22
Pakistan,confirmed,0.0,2020-02-23
Pakistan,confirmed,0.0,2020-02-24
Pakistan,confirmed,0.0,2020-02-25
Pakistan,confirmed,2.0,2020-02-26
Philippines,confirmed,0.0,2020-01-22
Philippines,confirmed,0.0,2020-01-23
Philippines,confirmed,0.0,2020-01-24
Philippines,confirmed,0.0,2020-01-25
Philippines,confirmed,0.0,2020-01-26
Philippines,confirmed,0.0,2020-01-27
Philippines,confirmed,0.0,2020-01-28
Philippines,confirmed,0.0,2020-01-29
Philippines,confirmed,1.0,2020-01-30
Philippines,confirmed,1.0,2020-01-31
Philippines,confirmed,1.0,2020-02-01
Philippines,confirmed,3.0,2020-02-02
Philippines,confirmed,3.0,2020-02-03
Philippines,confirmed,3.0,2020-02-04
Philippines,confirmed,3.0,2020-02-05
Philippines,confirmed,3.0,2020-02-06
Philippines,confirmed,4.0,2020-02-07
Philippines,confirmed,4.0,2020-02-08
Philippines,confirmed,4.0,2020-02-09
Philippines,confirmed,4.0,2020-02-10
Philippines,confirmed,4.0,2020-02-11
Philippines,confirmed,5.0,2020-02-12
Philippines,confirmed,5.0,2020-02-13
Philippines,confirmed,5.0,2020-02-14
Philippines,confirmed,5.0,2020-02-15
Philippines,confirmed,5.0,2020-02-16
Philippines,confirmed,5.0,2020-02-17
Philippines,confirmed,5.0,2020-02-18
Philippines,confirmed,5.0,2020-02-19
Philippines,confirmed,5.0,2020-02-20
Philippines,confirmed,5.0,2020-02-21
Philippines,confirmed,5.0,2020-02-22
Philippines,confirmed,5.0,2020-02-23
Philippines,confirmed,5.0,2020-02-24
Philippines,confirmed,5.0,2020-02-25
Philippines,confirmed,5.0,2020-02-26
Romania,confirmed,0.0,2020-01-22
Romania,confirmed,0.0,2020-01-23
Romania,confirmed,0.0,2020-01-24
Romania,confirmed,0.0,2020-01-25
Romania,confirmed,0.0,2020-01-26
Romania,confirmed,0.0,2020-01-27
Romania,confirmed,0.0,2020-01-28
Romania,confirmed,0.0,2020-01-29
Romania,confirmed,0.0,2020-01-30
Romania,confirmed,0.0,2020-01-31
Romania,confirmed,0.0,2020-02-01
Romania,confirmed,0.0,2020-02-02
Romania,confirmed,0.0,2020-02-03
Romania,confirmed,0.0,2020-02-04
Romania,confirmed,0.0,2020-02-05
Romania,confirmed,0.0,2020-02-06
Romania,confirmed,0.0,2020-02-07
Romania,confirmed,0.0,2020-02-08
Romania,confirmed,0.0,2020-02-09
Romania,confirmed,0.0,2020-02-10
Romania,confirmed,0.0,2020-02-11
Romania,confirmed,0.0,2020-02-12
Romania,confirmed,0.0,2020-02-13
Romania,confirmed,0.0,2020-02-14
Romania,confirmed,0.0,2020-02-15
Romania,confirmed,0.0,2020-02-16
Romania,confirmed,0.0,2020-02-17
Romania,confirmed,0.0,2020-02-18
Romania,confirmed,0.0,2020-02-19
Romania,confirmed,0.0,2020-02-20
Romania,confirmed,0.0,2020-02-21
Romania,confirmed,0.0,2020-02-22
Romania,confirmed,0.0,2020-02-23
Romania,confirmed,0.0,2020-02-24
Romania,confirmed,0.0,2020-02-25
Romania,confirmed,1.0,2020-02-26
Russia,confirmed,0.0,2020-01-22
Russia,confirmed,0.0,2020-01-23
Russia,confirmed,0.0,2020-01-24
Russia,confirmed,0.0,2020-01-25
Russia,confirmed,0.0,2020-01-26
Russia,confirmed,0.0,2020-01-27
Russia,confirmed,0.0,2020-01-28
Russia,confirmed,0.0,2020-01-29
Russia,confirmed,0.0,2020-01-30
Russia,confirmed,2.0,2020-01-31
Russia,confirmed,2.0,2020-02-01
Russia,confirmed,2.0,2020-02-02
Russia,confirmed,2.0,2020-02-03
Russia,confirmed,2.0,2020-02-04
Russia,confirmed,2.0,2020-02-05
Russia,confirmed,2.0,2020-02-06
Russia,confirmed,2.0,2020-02-07
Russia,confirmed,2.0,2020-02-08
Russia,confirmed,2.0,2020-02-09
Russia,confirmed,2.0,2020-02-10
Russia,confirmed,2.0,2020-02-11
Russia,confirmed,4.0,2020-02-12
Russia,confirmed,4.0,2020-02-13
Russia,confirmed,4.0,2020-02-14
Russia,confirmed,4.0,2020-02-15
Russia,confirmed,4.0,2020-02-16
Russia,confirmed,4.0,2020-02-17
Russia,confirmed,4.0,2020-02-18
Russia,confirmed,4.0,2020-02-19
Russia,confirmed,4.0,2020-02-20
Russia,confirmed,4.0,2020-02-21
Russia,confirmed,4.0,2020-02-22
Russia,confirmed,4.0,2020-02-23
Russia,confirmed,4.0,2020-02-24
Russia,confirmed,4.0,2020-02-25
Russia,confirmed,4.0,2020-02-26
Singapore,confirmed,0.0,2020-01-22
Singapore,confirmed,1.0,2020-01-23
Singapore,confirmed,3.0,2020-01-24
Singapore,confirmed,3.0,2020-01-25
Singapore,confirmed,4.0,2020-01-26
Singapore,confirmed,5.0,2020-01-27
Singapore,confirmed,7.0,2020-01-28
Singapore,confirmed,7.0,2020-01-29
Singapore,confirmed,10.0,2020-01-30
Singapore,confirmed,13.0,2020-01-31
Singapore,confirmed,16.0,2020-02-01
Singapore,confirmed,18.0,2020-02-02
Singapore,confirmed,18.0,2020-02-03
Singapore,confirmed,24.0,2020-02-04
Singapore,confirmed,28.0,2020-02-05
Singapore,confirmed,28.0,2020-02-06
Singapore,confirmed,30.0,2020-02-07
Singapore,confirmed,35.0,2020-02-08
Singapore,confirmed,42.0,2020-02-09
Singapore,confirmed,47.0,2020-02-10
Singapore,confirmed,56.0,2020-02-11
Singapore,confirmed,65.0,2020-02-12
Singapore,confirmed,73.0,2020-02-13
Singapore,confirmed,84.0,2020-02-14
Singapore,confirmed,90.0,2020-02-15
Singapore,confirmed,93.0,2020-02-16
Singapore,confirmed,101.0,2020-02-17
Singapore,confirmed,110.0,2020-02-18
Singapore,confirmed,118.0,2020-02-19
Singapore,confirmed,118.0,2020-02-20
Singapore,confirmed,122.0,2020-02-21
Singapore,confirmed,122.0,2020-02-22
Singapore,confirmed,140.0,2020-02-23
Singapore,confirmed,140.0,2020-02-24
Singapore,confirmed,144.0,2020-02-25
Singapore,confirmed,155.0,2020-02-26
South Korea,confirmed,1.0,2020-01-22
South Korea,confirmed,1.0,2020-01-23
South Korea,confirmed,2.0,2020-01-24
South Korea,confirmed,2.0,2020-01-25
South Korea,confirmed,3.0,2020-01-26
South Korea,confirmed,4.0,2020-01-27
South Korea,confirmed,4.0,2020-01-28
South Korea,confirmed,4.0,2020-01-29
South Korea,confirmed,4.0,2020-01-30
South Korea,confirmed,11.0,2020-01-31
South Korea,confirmed,12.0,2020-02-01
South Korea,confirmed,15.0,2020-02-02
South Korea,confirmed,15.0,2020-02-03
South Korea,confirmed,16.0,2020-02-04
South Korea,confirmed,19.0,2020-02-05
South Korea,confirmed,23.0,2020-02-06
South Korea,confirmed,25.0,2020-02-07
South Korea,confirmed,25.0,2020-02-08
South Korea,confirmed,28.0,2020-02-09
South Korea,confirmed,30.0,2020-02-10
South Korea,confirmed,31.0,2020-02-11
South Korea,confirmed,35.0,2020-02-12
South Korea,confirmed,35.0,2020-02-13
South Korea,confirmed,35.0,2020-02-14
South Korea,confirmed,37.0,2020-02-15
South Korea,confirmed,38.0,2020-02-16
South Korea,confirmed,40.0,2020-02-17
South Korea,confirmed,43.0,2020-02-18
South Korea,confirmed,43.0,2020-02-19
South Korea,confirmed,121.0,2020-02-20
South Korea,confirmed,222.0,2020-02-21
South Korea,confirmed,451.0,2020-02-22
South Korea,confirmed,626.0,2020-02-23
South Korea,confirmed,859.0,2020-02-24
South Korea,confirmed,1009.0,2020-02-25
South Korea,confirmed,1295.0,2020-02-26
Spain,confirmed,0.0,2020-01-22
Spain,confirmed,0.0,2020-01-23
Spain,confirmed,0.0,2020-01-24
Spain,confirmed,0.0,2020-01-25
Spain,confirmed,0.0,2020-01-26
Spain,confirmed,0.0,2020-01-27
Spain,confirmed,0.0,2020-01-28
Spain,confirmed,0.0,2020-01-29
Spain,confirmed,0.0,2020-01-30
Spain,confirmed,0.0,2020-01-31
Spain,confirmed,1.0,2020-02-01
Spain,confirmed,1.0,2020-02-02
Spain,confirmed,1.0,2020-02-03
Spain,confirmed,1.0,2020-02-04
Spain,confirmed,1.0,2020-02-05
Spain,confirmed,1.0,2020-02-06
Spain,confirmed,1.0,2020-02-07
Spain,confirmed,1.0,2020-02-08
Spain,confirmed,2.0,2020-02-09
Spain,confirmed,2.0,2020-02-10
Spain,confirmed,2.0,2020-02-11
Spain,confirmed,2.0,2020-02-12
Spain,confirmed,2.0,2020-02-13
Spain,confirmed,2.0,2020-02-14
Spain,confirmed,4.0,2020-02-15
Spain,confirmed,4.0,2020-02-16
Spain,confirmed,4.0,2020-02-17
Spain,confirmed,4.0,2020-02-18
Spain,confirmed,4.0,2020-02-19
Spain,confirmed,4.0,2020-02-20
Spain,confirmed,4.0,2020-02-21
Spain,confirmed,4.0,2020-02-22
Spain,confirmed,4.0,2020-02-23
Spain,confirmed,4.0,2020-02-24
Spain,confirmed,8.0,2020-02-25
Spain,confirmed,15.0,2020-02-26
Sri Lanka,confirmed,0.0,2020-01-22
Sri Lanka,confirmed,0.0,2020-01-23
Sri Lanka,confirmed,0.0,2020-01-24
Sri Lanka,confirmed,0.0,2020-01-25
Sri Lanka,confirmed,0.0,2020-01-26
Sri Lanka,confirmed,1.0,2020-01-27
Sri Lanka,confirmed,1.0,2020-01-28
Sri Lanka,confirmed,1.0,2020-01-29
Sri Lanka,confirmed,1.0,2020-01-30
Sri Lanka,confirmed,1.0,2020-01-31
Sri Lanka,confirmed,1.0,2020-02-01
Sri Lanka,confirmed,1.0,2020-02-02
Sri Lanka,confirmed,1.0,2020-02-03
Sri Lanka,confirmed,1.0,2020-02-04
Sri Lanka,confirmed,1.0,2020-02-05
Sri Lanka,confirmed,1.0,2020-02-06
Sri Lanka,confirmed,1.0,2020-02-07
Sri Lanka,confirmed,2.0,2020-02-08
Sri Lanka,confirmed,2.0,2020-02-09
Sri Lanka,confirmed,2.0,2020-02-10
Sri Lanka,confirmed,2.0,2020-02-11
Sri Lanka,confirmed,2.0,2020-02-12
Sri Lanka,confirmed,2.0,2020-02-13
Sri Lanka,confirmed,2.0,2020-02-14
Sri Lanka,confirmed,2.0,2020-02-15
Sri Lanka,confirmed,2.0,2020-02-16
Sri Lanka,confirmed,2.0,2020-02-17
Sri Lanka,confirmed,2.0,2020-02-18
Sri Lanka,confirmed,2.0,2020-02-19
Sri Lanka,confirmed,2.0,2020-02-20
Sri Lanka,confirmed,2.0,2020-02-21
Sri Lanka,confirmed,2.0,2020-02-22
Sri Lanka,confirmed,2.0,2020-02-23
Sri Lanka,confirmed,2.0,2020-02-24
Sri Lanka,confirmed,2.0,2020-02-25
Sri Lanka,confirmed,2.0,2020-02-26
Sweden,confirmed,0.0,2020-01-22
Sweden,confirmed,0.0,2020-01-23
Sweden,confirmed,0.0,2020-01-24
Sweden,confirmed,0.0,2020-01-25
Sweden,confirmed,0.0,2020-01-26
Sweden,confirmed,0.0,2020-01-27
Sweden,confirmed,0.0,2020-01-28
Sweden,confirmed,0.0,2020-01-29
Sweden,confirmed,0.0,2020-01-30
Sweden,confirmed,1.0,2020-01-31
Sweden,confirmed,1.0,2020-02-01
Sweden,confirmed,1.0,2020-02-02
Sweden,confirmed,1.0,2020-02-03
Sweden,confirmed,1.0,2020-02-04
Sweden,confirmed,1.0,2020-02-05
Sweden,confirmed,1.0,2020-02-06
Sweden,confirmed,1.0,2020-02-07
Sweden,confirmed,1.0,2020-02-08
Sweden,confirmed,1.0,2020-02-09
Sweden,confirmed,1.0,2020-02-10
Sweden,confirmed,1.0,2020-02-11
Sweden,confirmed,1.0,2020-02-12
Sweden,confirmed,1.0,2020-02-13
Sweden,confirmed,1.0,2020-02-14
Sweden,confirmed,1.0,2020-02-15
Sweden,confirmed,1.0,2020-02-16
Sweden,confirmed,1.0,2020-02-17
Sweden,confirmed,1.0,2020-02-18
Sweden,confirmed,1.0,2020-02-19
Sweden,confirmed,1.0,2020-02-20
Sweden,confirmed,1.0,2020-02-21
Sweden,confirmed,1.0,2020-02-22
Sweden,confirmed,1.0,2020-02-23
Sweden,confirmed,1.0,2020-02-24
Sweden,confirmed,1.0,2020-02-25
Sweden,confirmed,2.0,2020-02-26
Switzerland,confirmed,0.0,2020-01-22
Switzerland,confirmed,0.0,2020-01-23
Switzerland,confirmed,0.0,2020-01-24
Switzerland,confirmed,0.0,2020-01-25
Switzerland,confirmed,0.0,2020-01-26
Switzerland,confirmed,0.0,2020-01-27
Switzerland,confirmed,0.0,2020-01-28
Switzerland,confirmed,0.0,2020-01-29
Switzerland,confirmed,0.0,2020-01-30
Switzerland,confirmed,0.0,2020-01-31
Switzerland,confirmed,0.0,2020-02-01
Switzerland,confirmed,0.0,2020-02-02
Switzerland,confirmed,0.0,2020-02-03
Switzerland,confirmed,0.0,2020-02-04
Switzerland,confirmed,0.0,2020-02-05
Switzerland,confirmed,0.0,2020-02-06
Switzerland,confirmed,0.0,2020-02-07
Switzerland,confirmed,0.0,2020-02-08
Switzerland,confirmed,0.0,2020-02-09
Switzerland,confirmed,0.0,2020-02-10
Switzerland,confirmed,0.0,2020-02-11
Switzerland,confirmed,0.0,2020-02-12
Switzerland,confirmed,0.0,2020-02-13
Switzerland,confirmed,0.0,2020-02-14
Switzerland,confirmed,0.0,2020-02-15
Switzerland,confirmed,0.0,2020-02-16
Switzerland,confirmed,0.0,2020-02-17
Switzerland,confirmed,0.0,2020-02-18
Switzerland,confirmed,0.0,2020-02-19
Switzerland,confirmed,0.0,2020-02-20
Switzerland,confirmed,0.0,2020-02-21
Switzerland,confirmed,0.0,2020-02-22
Switzerland,confirmed,0.0,2020-02-23
Switzerland,confirmed,0.0,2020-02-24
Switzerland,confirmed,1.0,2020-02-25
Switzerland,confirmed,1.0,2020-02-26
Thailand,confirmed,2.0,2020-01-22
Thailand,confirmed,3.0,2020-01-23
Thailand,confirmed,5.0,2020-01-24
Thailand,confirmed,7.0,2020-01-25
Thailand,confirmed,10.0,2020-01-26
Thailand,confirmed,10.0,2020-01-27
Thailand,confirmed,19.0,2020-01-28
Thailand,confirmed,19.0,2020-01-29
Thailand,confirmed,19.0,2020-01-30
Thailand,confirmed,24.0,2020-01-31
Thailand,confirmed,24.0,2020-02-01
Thailand,confirmed,24.0,2020-02-02
Thailand,confirmed,24.0,2020-02-03
Thailand,confirmed,30.0,2020-02-04
Thailand,confirmed,30.0,2020-02-05
Thailand,confirmed,30.0,2020-02-06
Thailand,confirmed,30.0,2020-02-07
Thailand,confirmed,42.0,2020-02-08
Thailand,confirmed,42.0,2020-02-09
Thailand,confirmed,42.0,2020-02-10
Thailand,confirmed,43.0,2020-02-11
Thailand,confirmed,43.0,2020-02-12
Thailand,confirmed,45.0,2020-02-13
Thailand,confirmed,45.0,2020-02-14
Thailand,confirmed,45.0,2020-02-15
Thailand,confirmed,48.0,2020-02-16
Thailand,confirmed,50.0,2020-02-17
Thailand,confirmed,50.0,2020-02-18
Thailand,confirmed,50.0,2020-02-19
Thailand,confirmed,50.0,2020-02-20
Thailand,confirmed,52.0,2020-02-21
Thailand,confirmed,52.0,2020-02-22
Thailand,confirmed,56.0,2020-02-23
Thailand,confirmed,56.0,2020-02-24
Thailand,confirmed,59.0,2020-02-25
Thailand,confirmed,62.0,2020-02-26
UK,confirmed,0.0,2020-01-22
UK,confirmed,0.0,2020-01-23
UK,confirmed,0.0,2020-01-24
UK,confirmed,0.0,2020-01-25
UK,confirmed,0.0,2020-01-26
UK,confirmed,0.0,2020-01-27
UK,confirmed,0.0,2020-01-28
UK,confirmed,0.0,2020-01-29
UK,confirmed,0.0,2020-01-30
UK,confirmed,2.0,2020-01-31
UK,confirmed,2.0,2020-02-01
UK,confirmed,2.0,2020-02-02
UK,confirmed,2.0,2020-02-03
UK,confirmed,2.0,2020-02-04
UK,confirmed,2.0,2020-02-05
UK,confirmed,2.0,2020-02-06
UK,confirmed,3.0,2020-02-07
UK,confirmed,3.0,2020-02-08
UK,confirmed,3.0,2020-02-09
UK,confirmed,8.0,2020-02-10
UK,confirmed,8.0,2020-02-11
UK,confirmed,10.0,2020-02-12
UK,confirmed,10.0,2020-02-13
UK,confirmed,10.0,2020-02-14
UK,confirmed,10.0,2020-02-15
UK,confirmed,17.0,2020-02-16
UK,confirmed,17.0,2020-02-17
UK,confirmed,17.0,2020-02-18
UK,confirmed,17.0,2020-02-19
UK,confirmed,17.0,2020-02-20
UK,confirmed,17.0,2020-02-21
UK,confirmed,17.0,2020-02-22
UK,confirmed,17.0,2020-02-23
UK,confirmed,21.0,2020-02-24
UK,confirmed,21.0,2020-02-25
UK,confirmed,21.0,2020-02-26
US,confirmed,1.0,2020-01-22
US,confirmed,1.0,2020-01-23
US,confirmed,2.0,2020-01-24
US,confirmed,2.0,2020-01-25
US,confirmed,5.0,2020-01-26
US,confirmed,5.0,2020-01-27
US,confirmed,5.0,2020-01-28
US,confirmed,5.0,2020-01-29
US,confirmed,5.0,2020-01-30
US,confirmed,7.0,2020-01-31
US,confirmed,8.0,2020-02-01
US,confirmed,8.0,2020-02-02
US,confirmed,11.0,2020-02-03
US,confirmed,11.0,2020-02-04
US,confirmed,12.0,2020-02-05
US,confirmed,12.0,2020-02-06
US,confirmed,12.0,2020-02-07
US,confirmed,12.0,2020-02-08
US,confirmed,15.0,2020-02-09
US,confirmed,15.0,2020-02-10
US,confirmed,16.0,2020-02-11
US,confirmed,16.0,2020-02-12
US,confirmed,18.0,2020-02-13
US,confirmed,18.0,2020-02-14
US,confirmed,18.0,2020-02-15
US,confirmed,18.0,2020-02-16
US,confirmed,18.0,2020-02-17
US,confirmed,18.0,2020-02-18
US,confirmed,18.0,2020-02-19
US,confirmed,18.0,2020-02-20
US,confirmed,40.0,2020-02-21
US,confirmed,40.0,2020-02-22
US,confirmed,40.0,2020-02-23
US,confirmed,58.0,2020-02-24
US,confirmed,59.0,2020-02-25
US,confirmed,65.0,2020-02-26
United Arab Emirates,confirmed,0.0,2020-01-22
United Arab Emirates,confirmed,0.0,2020-01-23
United Arab Emirates,confirmed,0.0,2020-01-24
United Arab Emirates,confirmed,0.0,2020-01-25
United Arab Emirates,confirmed,0.0,2020-01-26
United Arab Emirates,confirmed,0.0,2020-01-27
United Arab Emirates,confirmed,0.0,2020-01-28
United Arab Emirates,confirmed,4.0,2020-01-29
United Arab Emirates,confirmed,4.0,2020-01-30
United Arab Emirates,confirmed,4.0,2020-01-31
United Arab Emirates,confirmed,4.0,2020-02-01
United Arab Emirates,confirmed,5.0,2020-02-02
United Arab Emirates,confirmed,5.0,2020-02-03
United Arab Emirates,confirmed,5.0,2020-02-04
United Arab Emirates,confirmed,5.0,2020-02-05
United Arab Emirates,confirmed,5.0,2020-02-06
United Arab Emirates,confirmed,5.0,2020-02-07
United Arab Emirates,confirmed,7.0,2020-02-08
United Arab Emirates,confirmed,7.0,2020-02-09
United Arab Emirates,confirmed,8.0,2020-02-10
United Arab Emirates,confirmed,8.0,2020-02-11
United Arab Emirates,confirmed,9.0,2020-02-12
United Arab Emirates,confirmed,9.0,2020-02-13
United Arab Emirates,confirmed,9.0,2020-02-14
United Arab Emirates,confirmed,11.0,2020-02-15
United Arab Emirates,confirmed,13.0,2020-02-16
United Arab Emirates,confirmed,13.0,2020-02-17
United Arab Emirates,confirmed,13.0,2020-02-18
United Arab Emirates,confirmed,13.0,2020-02-19
United Arab Emirates,confirmed,13.0,2020-02-20
United Arab Emirates,confirmed,13.0,2020-02-21
United Arab Emirates,confirmed,17.0,2020-02-22
United Arab Emirates,confirmed,17.0,2020-02-23
United Arab Emirates,confirmed,17.0,2020-02-24
United Arab Emirates,confirmed,17.0,2020-02-25
United Arab Emirates,confirmed,17.0,2020-02-26
Vietnam,confirmed,0.0,2020-01-22
Vietnam,confirmed,2.0,2020-01-23
Vietnam,confirmed,2.0,2020-01-24
Vietnam,confirmed,2.0,2020-01-25
Vietnam,confirmed,2.0,2020-01-26
Vietnam,confirmed,2.0,2020-01-27
Vietnam,confirmed,2.0,2020-01-28
Vietnam,confirmed,2.0,2020-01-29
Vietnam,confirmed,2.0,2020-01-30
Vietnam,confirmed,2.0,2020-01-31
Vietnam,confirmed,7.0,2020-02-01
Vietnam,confirmed,7.0,2020-02-02
Vietnam,confirmed,9.0,2020-02-03
Vietnam,confirmed,9.0,2020-02-04
Vietnam,confirmed,9.0,2020-02-05
Vietnam,confirmed,11.0,2020-02-06
Vietnam,confirmed,11.0,2020-02-07
Vietnam,confirmed,14.0,2020-02-08
Vietnam,confirmed,14.0,2020-02-09
Vietnam,confirmed,15.0,2020-02-10
Vietnam,confirmed,21.0,2020-02-11
Vietnam,confirmed,21.0,2020-02-12
Vietnam,confirmed,23.0,2020-02-13
Vietnam,confirmed,23.0,2020-02-14
Vietnam,confirmed,23.0,2020-02-15
Vietnam,confirmed,23.0,2020-02-16
Vietnam,confirmed,23.0,2020-02-17
Vietnam,confirmed,23.0,2020-02-18
Vietnam,confirmed,23.0,2020-02-19
Vietnam,confirmed,23.0,2020-02-20
Vietnam,confirmed,30.0,2020-02-21
Vietnam,confirmed,30.0,2020-02-22
Vietnam,confirmed,30.0,2020-02-23
Vietnam,confirmed,30.0,2020-02-24
Vietnam,confirmed,32.0,2020-02-25
Vietnam,confirmed,32.0,2020-02-26
