,name,type,value,date
0,Afghanistan,confirmed,0.0,2020-01-22
1,Afghanistan,confirmed,0.0,2020-01-23
2,Afghanistan,confirmed,0.0,2020-01-24
3,Afghanistan,confirmed,0.0,2020-01-25
4,Afghanistan,confirmed,0.0,2020-01-26
5,Afghanistan,confirmed,0.0,2020-01-27
6,Afghanistan,confirmed,0.0,2020-01-28
7,Afghanistan,confirmed,0.0,2020-01-29
8,Afghanistan,confirmed,0.0,2020-01-30
9,Afghanistan,confirmed,0.0,2020-01-31
10,Afghanistan,confirmed,0.0,2020-02-01
11,Afghanistan,confirmed,0.0,2020-02-02
12,Afghanistan,confirmed,0.0,2020-02-03
13,Afghanistan,confirmed,0.0,2020-02-04
14,Afghanistan,confirmed,0.0,2020-02-05
15,Afghanistan,confirmed,0.0,2020-02-06
16,Afghanistan,confirmed,0.0,2020-02-07
17,Afghanistan,confirmed,0.0,2020-02-08
18,Afghanistan,confirmed,0.0,2020-02-09
19,Afghanistan,confirmed,0.0,2020-02-10
20,Afghanistan,confirmed,0.0,2020-02-11
21,Afghanistan,confirmed,0.0,2020-02-12
22,Afghanistan,confirmed,0.0,2020-02-13
23,Afghanistan,confirmed,0.0,2020-02-14
24,Afghanistan,confirmed,0.0,2020-02-15
25,Afghanistan,confirmed,0.0,2020-02-16
26,Afghanistan,confirmed,0.0,2020-02-17
27,Afghanistan,confirmed,0.0,2020-02-18
28,Afghanistan,confirmed,0.0,2020-02-19
29,Afghanistan,confirmed,0.0,2020-02-20
30,Afghanistan,confirmed,0.0,2020-02-21
31,Afghanistan,confirmed,0.0,2020-02-22
32,Afghanistan,confirmed,0.0,2020-02-23
33,Afghanistan,confirmed,1.0,2020-02-24
34,Afghanistan,confirmed,1.0,2020-02-25
35,Afghanistan,confirmed,1.0,2020-02-26
36,Algeria,confirmed,0.0,2020-01-22
37,Algeria,confirmed,0.0,2020-01-23
38,Algeria,confirmed,0.0,2020-01-24
39,Algeria,confirmed,0.0,2020-01-25
40,Algeria,confirmed,0.0,2020-01-26
41,Algeria,confirmed,0.0,2020-01-27
42,Algeria,confirmed,0.0,2020-01-28
43,Algeria,confirmed,0.0,2020-01-29
44,Algeria,confirmed,0.0,2020-01-30
45,Algeria,confirmed,0.0,2020-01-31
46,Algeria,confirmed,0.0,2020-02-01
47,Algeria,confirmed,0.0,2020-02-02
48,Algeria,confirmed,0.0,2020-02-03
49,Algeria,confirmed,0.0,2020-02-04
50,Algeria,confirmed,0.0,2020-02-05
51,Algeria,confirmed,0.0,2020-02-06
52,Algeria,confirmed,0.0,2020-02-07
53,Algeria,confirmed,0.0,2020-02-08
54,Algeria,confirmed,0.0,2020-02-09
55,Algeria,confirmed,0.0,2020-02-10
56,Algeria,confirmed,0.0,2020-02-11
57,Algeria,confirmed,0.0,2020-02-12
58,Algeria,confirmed,0.0,2020-02-13
59,Algeria,confirmed,0.0,2020-02-14
60,Algeria,confirmed,0.0,2020-02-15
61,Algeria,confirmed,0.0,2020-02-16
62,Algeria,confirmed,0.0,2020-02-17
63,Algeria,confirmed,0.0,2020-02-18
64,Algeria,confirmed,0.0,2020-02-19
65,Algeria,confirmed,0.0,2020-02-20
66,Algeria,confirmed,0.0,2020-02-21
67,Algeria,confirmed,0.0,2020-02-22
68,Algeria,confirmed,0.0,2020-02-23
69,Algeria,confirmed,0.0,2020-02-24
70,Algeria,confirmed,1.0,2020-02-25
71,Algeria,confirmed,1.0,2020-02-26
72,Australia,confirmed,0.0,2020-01-22
73,Australia,confirmed,0.0,2020-01-23
74,Australia,confirmed,0.0,2020-01-24
75,Australia,confirmed,0.0,2020-01-25
76,Australia,confirmed,4.0,2020-01-26
77,Australia,confirmed,5.0,2020-01-27
78,Australia,confirmed,5.0,2020-01-28
79,Australia,confirmed,6.0,2020-01-29
80,Australia,confirmed,11.0,2020-01-30
81,Australia,confirmed,11.0,2020-01-31
82,Australia,confirmed,14.0,2020-02-01
83,Australia,confirmed,14.0,2020-02-02
84,Australia,confirmed,14.0,2020-02-03
85,Australia,confirmed,15.0,2020-02-04
86,Australia,confirmed,15.0,2020-02-05
87,Australia,confirmed,16.0,2020-02-06
88,Australia,confirmed,17.0,2020-02-07
89,Australia,confirmed,17.0,2020-02-08
90,Australia,confirmed,17.0,2020-02-09
91,Australia,confirmed,17.0,2020-02-10
92,Australia,confirmed,17.0,2020-02-11
93,Australia,confirmed,17.0,2020-02-12
94,Australia,confirmed,23.0,2020-02-13
95,Australia,confirmed,23.0,2020-02-14
96,Australia,confirmed,23.0,2020-02-15
97,Australia,confirmed,23.0,2020-02-16
98,Australia,confirmed,25.0,2020-02-17
99,Australia,confirmed,25.0,2020-02-18
100,Australia,confirmed,25.0,2020-02-19
101,Australia,confirmed,25.0,2020-02-20
102,Australia,confirmed,30.0,2020-02-21
103,Australia,confirmed,33.0,2020-02-22
104,Australia,confirmed,33.0,2020-02-23
105,Australia,confirmed,33.0,2020-02-24
106,Australia,confirmed,33.0,2020-02-25
107,Australia,confirmed,33.0,2020-02-26
108,Austria,confirmed,0.0,2020-01-22
109,Austria,confirmed,0.0,2020-01-23
110,Austria,confirmed,0.0,2020-01-24
111,Austria,confirmed,0.0,2020-01-25
112,Austria,confirmed,0.0,2020-01-26
113,Austria,confirmed,0.0,2020-01-27
114,Austria,confirmed,0.0,2020-01-28
115,Austria,confirmed,0.0,2020-01-29
116,Austria,confirmed,0.0,2020-01-30
117,Austria,confirmed,0.0,2020-01-31
118,Austria,confirmed,0.0,2020-02-01
119,Austria,confirmed,0.0,2020-02-02
120,Austria,confirmed,0.0,2020-02-03
121,Austria,confirmed,0.0,2020-02-04
122,Austria,confirmed,0.0,2020-02-05
123,Austria,confirmed,0.0,2020-02-06
124,Austria,confirmed,0.0,2020-02-07
125,Austria,confirmed,0.0,2020-02-08
126,Austria,confirmed,0.0,2020-02-09
127,Austria,confirmed,0.0,2020-02-10
128,Austria,confirmed,0.0,2020-02-11
129,Austria,confirmed,0.0,2020-02-12
130,Austria,confirmed,0.0,2020-02-13
131,Austria,confirmed,0.0,2020-02-14
132,Austria,confirmed,0.0,2020-02-15
133,Austria,confirmed,0.0,2020-02-16
134,Austria,confirmed,0.0,2020-02-17
135,Austria,confirmed,0.0,2020-02-18
136,Austria,confirmed,0.0,2020-02-19
137,Austria,confirmed,0.0,2020-02-20
138,Austria,confirmed,0.0,2020-02-21
139,Austria,confirmed,0.0,2020-02-22
140,Austria,confirmed,0.0,2020-02-23
141,Austria,confirmed,0.0,2020-02-24
142,Austria,confirmed,2.0,2020-02-25
143,Austria,confirmed,2.0,2020-02-26
144,Bahrain,confirmed,0.0,2020-01-22
145,Bahrain,confirmed,0.0,2020-01-23
146,Bahrain,confirmed,0.0,2020-01-24
147,Bahrain,confirmed,0.0,2020-01-25
148,Bahrain,confirmed,0.0,2020-01-26
149,Bahrain,confirmed,0.0,2020-01-27
150,Bahrain,confirmed,0.0,2020-01-28
151,Bahrain,confirmed,0.0,2020-01-29
152,Bahrain,confirmed,0.0,2020-01-30
153,Bahrain,confirmed,0.0,2020-01-31
154,Bahrain,confirmed,0.0,2020-02-01
155,Bahrain,confirmed,0.0,2020-02-02
156,Bahrain,confirmed,0.0,2020-02-03
157,Bahrain,confirmed,0.0,2020-02-04
158,Bahrain,confirmed,0.0,2020-02-05
159,Bahrain,confirmed,0.0,2020-02-06
160,Bahrain,confirmed,0.0,2020-02-07
161,Bahrain,confirmed,0.0,2020-02-08
162,Bahrain,confirmed,0.0,2020-02-09
163,Bahrain,confirmed,0.0,2020-02-10
164,Bahrain,confirmed,0.0,2020-02-11
165,Bahrain,confirmed,0.0,2020-02-12
166,Bahrain,confirmed,0.0,2020-02-13
167,Bahrain,confirmed,0.0,2020-02-14
168,Bahrain,confirmed,0.0,2020-02-15
169,Bahrain,confirmed,0.0,2020-02-16
170,Bahrain,confirmed,0.0,2020-02-17
171,Bahrain,confirmed,0.0,2020-02-18
172,Bahrain,confirmed,0.0,2020-02-19
173,Bahrain,confirmed,0.0,2020-02-20
174,Bahrain,confirmed,0.0,2020-02-21
175,Bahrain,confirmed,0.0,2020-02-22
176,Bahrain,confirmed,0.0,2020-02-23
177,Bahrain,confirmed,1.0,2020-02-24
178,Bahrain,confirmed,23.0,2020-02-25
179,Bahrain,confirmed,33.0,2020-02-26
180,Belgium,confirmed,0.0,2020-01-22
181,Belgium,confirmed,0.0,2020-01-23
182,Belgium,confirmed,0.0,2020-01-24
183,Belgium,confirmed,0.0,2020-01-25
184,Belgium,confirmed,0.0,2020-01-26
185,Belgium,confirmed,0.0,2020-01-27
186,Belgium,confirmed,0.0,2020-01-28
187,Belgium,confirmed,0.0,2020-01-29
188,Belgium,confirmed,0.0,2020-01-30
189,Belgium,confirmed,0.0,2020-01-31
190,Belgium,confirmed,0.0,2020-02-01
191,Belgium,confirmed,0.0,2020-02-02
192,Belgium,confirmed,0.0,2020-02-03
193,Belgium,confirmed,1.0,2020-02-04
194,Belgium,confirmed,1.0,2020-02-05
195,Belgium,confirmed,1.0,2020-02-06
196,Belgium,confirmed,1.0,2020-02-07
197,Belgium,confirmed,1.0,2020-02-08
198,Belgium,confirmed,1.0,2020-02-09
199,Belgium,confirmed,1.0,2020-02-10
200,Belgium,confirmed,1.0,2020-02-11
201,Belgium,confirmed,1.0,2020-02-12
202,Belgium,confirmed,1.0,2020-02-13
203,Belgium,confirmed,1.0,2020-02-14
204,Belgium,confirmed,1.0,2020-02-15
205,Belgium,confirmed,1.0,2020-02-16
206,Belgium,confirmed,2.0,2020-02-17
207,Belgium,confirmed,2.0,2020-02-18
208,Belgium,confirmed,2.0,2020-02-19
209,Belgium,confirmed,2.0,2020-02-20
210,Belgium,confirmed,2.0,2020-02-21
211,Belgium,confirmed,2.0,2020-02-22
212,Belgium,confirmed,2.0,2020-02-23
213,Belgium,confirmed,2.0,2020-02-24
214,Belgium,confirmed,2.0,2020-02-25
215,Belgium,confirmed,2.0,2020-02-26
216,Brazil,confirmed,0.0,2020-01-22
217,Brazil,confirmed,0.0,2020-01-23
218,Brazil,confirmed,0.0,2020-01-24
219,Brazil,confirmed,0.0,2020-01-25
220,Brazil,confirmed,0.0,2020-01-26
221,Brazil,confirmed,0.0,2020-01-27
222,Brazil,confirmed,0.0,2020-01-28
223,Brazil,confirmed,0.0,2020-01-29
224,Brazil,confirmed,0.0,2020-01-30
225,Brazil,confirmed,0.0,2020-01-31
226,Brazil,confirmed,0.0,2020-02-01
227,Brazil,confirmed,0.0,2020-02-02
228,Brazil,confirmed,0.0,2020-02-03
229,Brazil,confirmed,0.0,2020-02-04
230,Brazil,confirmed,0.0,2020-02-05
231,Brazil,confirmed,0.0,2020-02-06
232,Brazil,confirmed,0.0,2020-02-07
233,Brazil,confirmed,0.0,2020-02-08
234,Brazil,confirmed,0.0,2020-02-09
235,Brazil,confirmed,0.0,2020-02-10
236,Brazil,confirmed,0.0,2020-02-11
237,Brazil,confirmed,0.0,2020-02-12
238,Brazil,confirmed,0.0,2020-02-13
239,Brazil,confirmed,0.0,2020-02-14
240,Brazil,confirmed,0.0,2020-02-15
241,Brazil,confirmed,0.0,2020-02-16
242,Brazil,confirmed,0.0,2020-02-17
243,Brazil,confirmed,0.0,2020-02-18
244,Brazil,confirmed,0.0,2020-02-19
245,Brazil,confirmed,0.0,2020-02-20
246,Brazil,confirmed,0.0,2020-02-21
247,Brazil,confirmed,0.0,2020-02-22
248,Brazil,confirmed,0.0,2020-02-23
249,Brazil,confirmed,0.0,2020-02-24
250,Brazil,confirmed,0.0,2020-02-25
251,Brazil,confirmed,1.0,2020-02-26
252,Cambodia,confirmed,0.0,2020-01-22
253,Cambodia,confirmed,0.0,2020-01-23
254,Cambodia,confirmed,0.0,2020-01-24
255,Cambodia,confirmed,0.0,2020-01-25
256,Cambodia,confirmed,0.0,2020-01-26
257,Cambodia,confirmed,1.0,2020-01-27
258,Cambodia,confirmed,1.0,2020-01-28
259,Cambodia,confirmed,1.0,2020-01-29
260,Cambodia,confirmed,1.0,2020-01-30
261,Cambodia,confirmed,1.0,2020-01-31
262,Cambodia,confirmed,1.0,2020-02-01
263,Cambodia,confirmed,1.0,2020-02-02
264,Cambodia,confirmed,1.0,2020-02-03
265,Cambodia,confirmed,1.0,2020-02-04
266,Cambodia,confirmed,1.0,2020-02-05
267,Cambodia,confirmed,1.0,2020-02-06
268,Cambodia,confirmed,1.0,2020-02-07
269,Cambodia,confirmed,1.0,2020-02-08
270,Cambodia,confirmed,1.0,2020-02-09
271,Cambodia,confirmed,1.0,2020-02-10
272,Cambodia,confirmed,1.0,2020-02-11
273,Cambodia,confirmed,2.0,2020-02-12
274,Cambodia,confirmed,2.0,2020-02-13
275,Cambodia,confirmed,2.0,2020-02-14
276,Cambodia,confirmed,2.0,2020-02-15
277,Cambodia,confirmed,2.0,2020-02-16
278,Cambodia,confirmed,2.0,2020-02-17
279,Cambodia,confirmed,2.0,2020-02-18
280,Cambodia,confirmed,2.0,2020-02-19
281,Cambodia,confirmed,2.0,2020-02-20
282,Cambodia,confirmed,2.0,2020-02-21
283,Cambodia,confirmed,2.0,2020-02-22
284,Cambodia,confirmed,2.0,2020-02-23
285,Cambodia,confirmed,2.0,2020-02-24
286,Cambodia,confirmed,2.0,2020-02-25
287,Cambodia,confirmed,2.0,2020-02-26
288,Canada,confirmed,0.0,2020-01-22
289,Canada,confirmed,0.0,2020-01-23
290,Canada,confirmed,0.0,2020-01-24
291,Canada,confirmed,0.0,2020-01-25
292,Canada,confirmed,1.0,2020-01-26
293,Canada,confirmed,1.0,2020-01-27
294,Canada,confirmed,2.0,2020-01-28
295,Canada,confirmed,2.0,2020-01-29
296,Canada,confirmed,2.0,2020-01-30
297,Canada,confirmed,4.0,2020-01-31
298,Canada,confirmed,4.0,2020-02-01
299,Canada,confirmed,4.0,2020-02-02
300,Canada,confirmed,4.0,2020-02-03
301,Canada,confirmed,4.0,2020-02-04
302,Canada,confirmed,5.0,2020-02-05
303,Canada,confirmed,5.0,2020-02-06
304,Canada,confirmed,7.0,2020-02-07
305,Canada,confirmed,7.0,2020-02-08
306,Canada,confirmed,7.0,2020-02-09
307,Canada,confirmed,7.0,2020-02-10
308,Canada,confirmed,7.0,2020-02-11
309,Canada,confirmed,8.0,2020-02-12
310,Canada,confirmed,8.0,2020-02-13
311,Canada,confirmed,8.0,2020-02-14
312,Canada,confirmed,8.0,2020-02-15
313,Canada,confirmed,8.0,2020-02-16
314,Canada,confirmed,9.0,2020-02-17
315,Canada,confirmed,9.0,2020-02-18
316,Canada,confirmed,9.0,2020-02-19
317,Canada,confirmed,9.0,2020-02-20
318,Canada,confirmed,12.0,2020-02-21
319,Canada,confirmed,12.0,2020-02-22
320,Canada,confirmed,12.0,2020-02-23
321,Canada,confirmed,13.0,2020-02-24
322,Canada,confirmed,14.0,2020-02-25
323,Canada,confirmed,14.0,2020-02-26
324,Croatia,confirmed,0.0,2020-01-22
325,Croatia,confirmed,0.0,2020-01-23
326,Croatia,confirmed,0.0,2020-01-24
327,Croatia,confirmed,0.0,2020-01-25
328,Croatia,confirmed,0.0,2020-01-26
329,Croatia,confirmed,0.0,2020-01-27
330,Croatia,confirmed,0.0,2020-01-28
331,Croatia,confirmed,0.0,2020-01-29
332,Croatia,confirmed,0.0,2020-01-30
333,Croatia,confirmed,0.0,2020-01-31
334,Croatia,confirmed,0.0,2020-02-01
335,Croatia,confirmed,0.0,2020-02-02
336,Croatia,confirmed,0.0,2020-02-03
337,Croatia,confirmed,0.0,2020-02-04
338,Croatia,confirmed,0.0,2020-02-05
339,Croatia,confirmed,0.0,2020-02-06
340,Croatia,confirmed,0.0,2020-02-07
341,Croatia,confirmed,0.0,2020-02-08
342,Croatia,confirmed,0.0,2020-02-09
343,Croatia,confirmed,0.0,2020-02-10
344,Croatia,confirmed,0.0,2020-02-11
345,Croatia,confirmed,0.0,2020-02-12
346,Croatia,confirmed,0.0,2020-02-13
347,Croatia,confirmed,0.0,2020-02-14
348,Croatia,confirmed,0.0,2020-02-15
349,Croatia,confirmed,0.0,2020-02-16
350,Croatia,confirmed,0.0,2020-02-17
351,Croatia,confirmed,0.0,2020-02-18
352,Croatia,confirmed,0.0,2020-02-19
353,Croatia,confirmed,0.0,2020-02-20
354,Croatia,confirmed,0.0,2020-02-21
355,Croatia,confirmed,0.0,2020-02-22
356,Croatia,confirmed,0.0,2020-02-23
357,Croatia,confirmed,0.0,2020-02-24
358,Croatia,confirmed,1.0,2020-02-25
359,Croatia,confirmed,3.0,2020-02-26
360,Egypt,confirmed,0.0,2020-01-22
361,Egypt,confirmed,0.0,2020-01-23
362,Egypt,confirmed,0.0,2020-01-24
363,Egypt,confirmed,0.0,2020-01-25
364,Egypt,confirmed,0.0,2020-01-26
365,Egypt,confirmed,0.0,2020-01-27
366,Egypt,confirmed,0.0,2020-01-28
367,Egypt,confirmed,0.0,2020-01-29
368,Egypt,confirmed,0.0,2020-01-30
369,Egypt,confirmed,0.0,2020-01-31
370,Egypt,confirmed,0.0,2020-02-01
371,Egypt,confirmed,0.0,2020-02-02
372,Egypt,confirmed,0.0,2020-02-03
373,Egypt,confirmed,0.0,2020-02-04
374,Egypt,confirmed,0.0,2020-02-05
375,Egypt,confirmed,0.0,2020-02-06
376,Egypt,confirmed,0.0,2020-02-07
377,Egypt,confirmed,0.0,2020-02-08
378,Egypt,confirmed,0.0,2020-02-09
379,Egypt,confirmed,0.0,2020-02-10
380,Egypt,confirmed,0.0,2020-02-11
381,Egypt,confirmed,0.0,2020-02-12
382,Egypt,confirmed,0.0,2020-02-13
383,Egypt,confirmed,1.0,2020-02-14
384,Egypt,confirmed,1.0,2020-02-15
385,Egypt,confirmed,1.0,2020-02-16
386,Egypt,confirmed,1.0,2020-02-17
387,Egypt,confirmed,1.0,2020-02-18
388,Egypt,confirmed,1.0,2020-02-19
389,Egypt,confirmed,1.0,2020-02-20
390,Egypt,confirmed,1.0,2020-02-21
391,Egypt,confirmed,1.0,2020-02-22
392,Egypt,confirmed,1.0,2020-02-23
393,Egypt,confirmed,1.0,2020-02-24
394,Egypt,confirmed,1.0,2020-02-25
395,Egypt,confirmed,1.0,2020-02-26
396,Finland,confirmed,0.0,2020-01-22
397,Finland,confirmed,0.0,2020-01-23
398,Finland,confirmed,0.0,2020-01-24
399,Finland,confirmed,0.0,2020-01-25
400,Finland,confirmed,0.0,2020-01-26
401,Finland,confirmed,0.0,2020-01-27
402,Finland,confirmed,0.0,2020-01-28
403,Finland,confirmed,1.0,2020-01-29
404,Finland,confirmed,1.0,2020-01-30
405,Finland,confirmed,1.0,2020-01-31
406,Finland,confirmed,1.0,2020-02-01
407,Finland,confirmed,1.0,2020-02-02
408,Finland,confirmed,1.0,2020-02-03
409,Finland,confirmed,1.0,2020-02-04
410,Finland,confirmed,1.0,2020-02-05
411,Finland,confirmed,1.0,2020-02-06
412,Finland,confirmed,1.0,2020-02-07
413,Finland,confirmed,1.0,2020-02-08
414,Finland,confirmed,1.0,2020-02-09
415,Finland,confirmed,1.0,2020-02-10
416,Finland,confirmed,1.0,2020-02-11
417,Finland,confirmed,2.0,2020-02-12
418,Finland,confirmed,2.0,2020-02-13
419,Finland,confirmed,2.0,2020-02-14
420,Finland,confirmed,2.0,2020-02-15
421,Finland,confirmed,2.0,2020-02-16
422,Finland,confirmed,2.0,2020-02-17
423,Finland,confirmed,2.0,2020-02-18
424,Finland,confirmed,2.0,2020-02-19
425,Finland,confirmed,2.0,2020-02-20
426,Finland,confirmed,2.0,2020-02-21
427,Finland,confirmed,2.0,2020-02-22
428,Finland,confirmed,2.0,2020-02-23
429,Finland,confirmed,2.0,2020-02-24
430,Finland,confirmed,2.0,2020-02-25
431,Finland,confirmed,3.0,2020-02-26
432,France,confirmed,0.0,2020-01-22
433,France,confirmed,0.0,2020-01-23
434,France,confirmed,2.0,2020-01-24
435,France,confirmed,3.0,2020-01-25
436,France,confirmed,3.0,2020-01-26
437,France,confirmed,3.0,2020-01-27
438,France,confirmed,4.0,2020-01-28
439,France,confirmed,5.0,2020-01-29
440,France,confirmed,5.0,2020-01-30
441,France,confirmed,5.0,2020-01-31
442,France,confirmed,6.0,2020-02-01
443,France,confirmed,6.0,2020-02-02
444,France,confirmed,6.0,2020-02-03
445,France,confirmed,6.0,2020-02-04
446,France,confirmed,6.0,2020-02-05
447,France,confirmed,6.0,2020-02-06
448,France,confirmed,6.0,2020-02-07
449,France,confirmed,11.0,2020-02-08
450,France,confirmed,11.0,2020-02-09
451,France,confirmed,11.0,2020-02-10
452,France,confirmed,11.0,2020-02-11
453,France,confirmed,13.0,2020-02-12
454,France,confirmed,13.0,2020-02-13
455,France,confirmed,13.0,2020-02-14
456,France,confirmed,17.0,2020-02-15
457,France,confirmed,17.0,2020-02-16
458,France,confirmed,17.0,2020-02-17
459,France,confirmed,17.0,2020-02-18
460,France,confirmed,17.0,2020-02-19
461,France,confirmed,17.0,2020-02-20
462,France,confirmed,17.0,2020-02-21
463,France,confirmed,17.0,2020-02-22
464,France,confirmed,17.0,2020-02-23
465,France,confirmed,17.0,2020-02-24
466,France,confirmed,26.0,2020-02-25
467,France,confirmed,31.0,2020-02-26
468,Georgia,confirmed,0.0,2020-01-22
469,Georgia,confirmed,0.0,2020-01-23
470,Georgia,confirmed,0.0,2020-01-24
471,Georgia,confirmed,0.0,2020-01-25
472,Georgia,confirmed,0.0,2020-01-26
473,Georgia,confirmed,0.0,2020-01-27
474,Georgia,confirmed,0.0,2020-01-28
475,Georgia,confirmed,0.0,2020-01-29
476,Georgia,confirmed,0.0,2020-01-30
477,Georgia,confirmed,0.0,2020-01-31
478,Georgia,confirmed,0.0,2020-02-01
479,Georgia,confirmed,0.0,2020-02-02
480,Georgia,confirmed,0.0,2020-02-03
481,Georgia,confirmed,0.0,2020-02-04
482,Georgia,confirmed,0.0,2020-02-05
483,Georgia,confirmed,0.0,2020-02-06
484,Georgia,confirmed,0.0,2020-02-07
485,Georgia,confirmed,0.0,2020-02-08
486,Georgia,confirmed,0.0,2020-02-09
487,Georgia,confirmed,0.0,2020-02-10
488,Georgia,confirmed,0.0,2020-02-11
489,Georgia,confirmed,0.0,2020-02-12
490,Georgia,confirmed,0.0,2020-02-13
491,Georgia,confirmed,0.0,2020-02-14
492,Georgia,confirmed,0.0,2020-02-15
493,Georgia,confirmed,0.0,2020-02-16
494,Georgia,confirmed,0.0,2020-02-17
495,Georgia,confirmed,0.0,2020-02-18
496,Georgia,confirmed,0.0,2020-02-19
497,Georgia,confirmed,0.0,2020-02-20
498,Georgia,confirmed,0.0,2020-02-21
499,Georgia,confirmed,0.0,2020-02-22
500,Georgia,confirmed,0.0,2020-02-23
501,Georgia,confirmed,0.0,2020-02-24
502,Georgia,confirmed,0.0,2020-02-25
503,Georgia,confirmed,1.0,2020-02-26
504,Germany,confirmed,0.0,2020-01-22
505,Germany,confirmed,0.0,2020-01-23
506,Germany,confirmed,0.0,2020-01-24
507,Germany,confirmed,0.0,2020-01-25
508,Germany,confirmed,0.0,2020-01-26
509,Germany,confirmed,1.0,2020-01-27
510,Germany,confirmed,4.0,2020-01-28
511,Germany,confirmed,4.0,2020-01-29
512,Germany,confirmed,4.0,2020-01-30
513,Germany,confirmed,5.0,2020-01-31
514,Germany,confirmed,8.0,2020-02-01
515,Germany,confirmed,10.0,2020-02-02
516,Germany,confirmed,12.0,2020-02-03
517,Germany,confirmed,12.0,2020-02-04
518,Germany,confirmed,12.0,2020-02-05
519,Germany,confirmed,12.0,2020-02-06
520,Germany,confirmed,13.0,2020-02-07
521,Germany,confirmed,13.0,2020-02-08
522,Germany,confirmed,14.0,2020-02-09
523,Germany,confirmed,14.0,2020-02-10
524,Germany,confirmed,16.0,2020-02-11
525,Germany,confirmed,16.0,2020-02-12
526,Germany,confirmed,17.0,2020-02-13
527,Germany,confirmed,17.0,2020-02-14
528,Germany,confirmed,17.0,2020-02-15
529,Germany,confirmed,17.0,2020-02-16
530,Germany,confirmed,17.0,2020-02-17
531,Germany,confirmed,28.0,2020-02-18
532,Germany,confirmed,28.0,2020-02-19
533,Germany,confirmed,28.0,2020-02-20
534,Germany,confirmed,30.0,2020-02-21
535,Germany,confirmed,30.0,2020-02-22
536,Germany,confirmed,30.0,2020-02-23
537,Germany,confirmed,30.0,2020-02-24
538,Germany,confirmed,31.0,2020-02-25
539,Germany,confirmed,42.0,2020-02-26
540,Greece,confirmed,0.0,2020-01-22
541,Greece,confirmed,0.0,2020-01-23
542,Greece,confirmed,0.0,2020-01-24
543,Greece,confirmed,0.0,2020-01-25
544,Greece,confirmed,0.0,2020-01-26
545,Greece,confirmed,0.0,2020-01-27
546,Greece,confirmed,0.0,2020-01-28
547,Greece,confirmed,0.0,2020-01-29
548,Greece,confirmed,0.0,2020-01-30
549,Greece,confirmed,0.0,2020-01-31
550,Greece,confirmed,0.0,2020-02-01
551,Greece,confirmed,0.0,2020-02-02
552,Greece,confirmed,0.0,2020-02-03
553,Greece,confirmed,0.0,2020-02-04
554,Greece,confirmed,0.0,2020-02-05
555,Greece,confirmed,0.0,2020-02-06
556,Greece,confirmed,0.0,2020-02-07
557,Greece,confirmed,0.0,2020-02-08
558,Greece,confirmed,0.0,2020-02-09
559,Greece,confirmed,0.0,2020-02-10
560,Greece,confirmed,0.0,2020-02-11
561,Greece,confirmed,0.0,2020-02-12
562,Greece,confirmed,0.0,2020-02-13
563,Greece,confirmed,0.0,2020-02-14
564,Greece,confirmed,0.0,2020-02-15
565,Greece,confirmed,0.0,2020-02-16
566,Greece,confirmed,0.0,2020-02-17
567,Greece,confirmed,0.0,2020-02-18
568,Greece,confirmed,0.0,2020-02-19
569,Greece,confirmed,0.0,2020-02-20
570,Greece,confirmed,0.0,2020-02-21
571,Greece,confirmed,0.0,2020-02-22
572,Greece,confirmed,0.0,2020-02-23
573,Greece,confirmed,0.0,2020-02-24
574,Greece,confirmed,0.0,2020-02-25
575,Greece,confirmed,1.0,2020-02-26
576,Hong Kong,confirmed,0.0,2020-01-22
577,Hong Kong,confirmed,2.0,2020-01-23
578,Hong Kong,confirmed,2.0,2020-01-24
579,Hong Kong,confirmed,5.0,2020-01-25
580,Hong Kong,confirmed,8.0,2020-01-26
581,Hong Kong,confirmed,8.0,2020-01-27
582,Hong Kong,confirmed,8.0,2020-01-28
583,Hong Kong,confirmed,10.0,2020-01-29
584,Hong Kong,confirmed,10.0,2020-01-30
585,Hong Kong,confirmed,12.0,2020-01-31
586,Hong Kong,confirmed,13.0,2020-02-01
587,Hong Kong,confirmed,15.0,2020-02-02
588,Hong Kong,confirmed,15.0,2020-02-03
589,Hong Kong,confirmed,18.0,2020-02-04
590,Hong Kong,confirmed,22.0,2020-02-05
591,Hong Kong,confirmed,25.0,2020-02-06
592,Hong Kong,confirmed,26.0,2020-02-07
593,Hong Kong,confirmed,27.0,2020-02-08
594,Hong Kong,confirmed,30.0,2020-02-09
595,Hong Kong,confirmed,39.0,2020-02-10
596,Hong Kong,confirmed,50.0,2020-02-11
597,Hong Kong,confirmed,52.0,2020-02-12
598,Hong Kong,confirmed,55.0,2020-02-13
599,Hong Kong,confirmed,58.0,2020-02-14
600,Hong Kong,confirmed,58.0,2020-02-15
601,Hong Kong,confirmed,60.0,2020-02-16
602,Hong Kong,confirmed,63.0,2020-02-17
603,Hong Kong,confirmed,65.0,2020-02-18
604,Hong Kong,confirmed,70.0,2020-02-19
605,Hong Kong,confirmed,76.0,2020-02-20
606,Hong Kong,confirmed,75.0,2020-02-21
607,Hong Kong,confirmed,77.0,2020-02-22
608,Hong Kong,confirmed,87.0,2020-02-23
609,Hong Kong,confirmed,100.0,2020-02-24
610,Hong Kong,confirmed,105.0,2020-02-25
611,Hong Kong,confirmed,117.0,2020-02-26
612,India,confirmed,0.0,2020-01-22
613,India,confirmed,0.0,2020-01-23
614,India,confirmed,0.0,2020-01-24
615,India,confirmed,0.0,2020-01-25
616,India,confirmed,0.0,2020-01-26
617,India,confirmed,0.0,2020-01-27
618,India,confirmed,0.0,2020-01-28
619,India,confirmed,0.0,2020-01-29
620,India,confirmed,1.0,2020-01-30
621,India,confirmed,1.0,2020-01-31
622,India,confirmed,1.0,2020-02-01
623,India,confirmed,2.0,2020-02-02
624,India,confirmed,3.0,2020-02-03
625,India,confirmed,3.0,2020-02-04
626,India,confirmed,3.0,2020-02-05
627,India,confirmed,3.0,2020-02-06
628,India,confirmed,3.0,2020-02-07
629,India,confirmed,3.0,2020-02-08
630,India,confirmed,3.0,2020-02-09
631,India,confirmed,3.0,2020-02-10
632,India,confirmed,3.0,2020-02-11
633,India,confirmed,3.0,2020-02-12
634,India,confirmed,3.0,2020-02-13
635,India,confirmed,3.0,2020-02-14
636,India,confirmed,3.0,2020-02-15
637,India,confirmed,6.0,2020-02-16
638,India,confirmed,6.0,2020-02-17
639,India,confirmed,6.0,2020-02-18
640,India,confirmed,6.0,2020-02-19
641,India,confirmed,6.0,2020-02-20
642,India,confirmed,6.0,2020-02-21
643,India,confirmed,6.0,2020-02-22
644,India,confirmed,6.0,2020-02-23
645,India,confirmed,6.0,2020-02-24
646,India,confirmed,6.0,2020-02-25
647,India,confirmed,6.0,2020-02-26
648,Iran,confirmed,0.0,2020-01-22
649,Iran,confirmed,0.0,2020-01-23
650,Iran,confirmed,0.0,2020-01-24
651,Iran,confirmed,0.0,2020-01-25
652,Iran,confirmed,0.0,2020-01-26
653,Iran,confirmed,0.0,2020-01-27
654,Iran,confirmed,0.0,2020-01-28
655,Iran,confirmed,0.0,2020-01-29
656,Iran,confirmed,0.0,2020-01-30
657,Iran,confirmed,0.0,2020-01-31
658,Iran,confirmed,0.0,2020-02-01
659,Iran,confirmed,0.0,2020-02-02
660,Iran,confirmed,0.0,2020-02-03
661,Iran,confirmed,0.0,2020-02-04
662,Iran,confirmed,0.0,2020-02-05
663,Iran,confirmed,0.0,2020-02-06
664,Iran,confirmed,0.0,2020-02-07
665,Iran,confirmed,0.0,2020-02-08
666,Iran,confirmed,0.0,2020-02-09
667,Iran,confirmed,0.0,2020-02-10
668,Iran,confirmed,0.0,2020-02-11
669,Iran,confirmed,0.0,2020-02-12
670,Iran,confirmed,0.0,2020-02-13
671,Iran,confirmed,0.0,2020-02-14
672,Iran,confirmed,0.0,2020-02-15
673,Iran,confirmed,0.0,2020-02-16
674,Iran,confirmed,0.0,2020-02-17
675,Iran,confirmed,0.0,2020-02-18
676,Iran,confirmed,4.0,2020-02-19
677,Iran,confirmed,7.0,2020-02-20
678,Iran,confirmed,22.0,2020-02-21
679,Iran,confirmed,33.0,2020-02-22
680,Iran,confirmed,51.0,2020-02-23
681,Iran,confirmed,73.0,2020-02-24
682,Iran,confirmed,111.0,2020-02-25
683,Iran,confirmed,207.0,2020-02-26
684,Iraq,confirmed,0.0,2020-01-22
685,Iraq,confirmed,0.0,2020-01-23
686,Iraq,confirmed,0.0,2020-01-24
687,Iraq,confirmed,0.0,2020-01-25
688,Iraq,confirmed,0.0,2020-01-26
689,Iraq,confirmed,0.0,2020-01-27
690,Iraq,confirmed,0.0,2020-01-28
691,Iraq,confirmed,0.0,2020-01-29
692,Iraq,confirmed,0.0,2020-01-30
693,Iraq,confirmed,0.0,2020-01-31
694,Iraq,confirmed,0.0,2020-02-01
695,Iraq,confirmed,0.0,2020-02-02
696,Iraq,confirmed,0.0,2020-02-03
697,Iraq,confirmed,0.0,2020-02-04
698,Iraq,confirmed,0.0,2020-02-05
699,Iraq,confirmed,0.0,2020-02-06
700,Iraq,confirmed,0.0,2020-02-07
701,Iraq,confirmed,0.0,2020-02-08
702,Iraq,confirmed,0.0,2020-02-09
703,Iraq,confirmed,0.0,2020-02-10
704,Iraq,confirmed,0.0,2020-02-11
705,Iraq,confirmed,0.0,2020-02-12
706,Iraq,confirmed,0.0,2020-02-13
707,Iraq,confirmed,0.0,2020-02-14
708,Iraq,confirmed,0.0,2020-02-15
709,Iraq,confirmed,0.0,2020-02-16
710,Iraq,confirmed,0.0,2020-02-17
711,Iraq,confirmed,0.0,2020-02-18
712,Iraq,confirmed,0.0,2020-02-19
713,Iraq,confirmed,0.0,2020-02-20
714,Iraq,confirmed,0.0,2020-02-21
715,Iraq,confirmed,0.0,2020-02-22
716,Iraq,confirmed,0.0,2020-02-23
717,Iraq,confirmed,1.0,2020-02-24
718,Iraq,confirmed,1.0,2020-02-25
719,Iraq,confirmed,5.0,2020-02-26
720,Israel,confirmed,0.0,2020-01-22
721,Israel,confirmed,0.0,2020-01-23
722,Israel,confirmed,0.0,2020-01-24
723,Israel,confirmed,0.0,2020-01-25
724,Israel,confirmed,0.0,2020-01-26
725,Israel,confirmed,0.0,2020-01-27
726,Israel,confirmed,0.0,2020-01-28
727,Israel,confirmed,0.0,2020-01-29
728,Israel,confirmed,0.0,2020-01-30
729,Israel,confirmed,0.0,2020-01-31
730,Israel,confirmed,0.0,2020-02-01
731,Israel,confirmed,0.0,2020-02-02
732,Israel,confirmed,0.0,2020-02-03
733,Israel,confirmed,0.0,2020-02-04
734,Israel,confirmed,0.0,2020-02-05
735,Israel,confirmed,0.0,2020-02-06
736,Israel,confirmed,0.0,2020-02-07
737,Israel,confirmed,0.0,2020-02-08
738,Israel,confirmed,0.0,2020-02-09
739,Israel,confirmed,0.0,2020-02-10
740,Israel,confirmed,0.0,2020-02-11
741,Israel,confirmed,0.0,2020-02-12
742,Israel,confirmed,0.0,2020-02-13
743,Israel,confirmed,0.0,2020-02-14
744,Israel,confirmed,0.0,2020-02-15
745,Israel,confirmed,0.0,2020-02-16
746,Israel,confirmed,0.0,2020-02-17
747,Israel,confirmed,0.0,2020-02-18
748,Israel,confirmed,0.0,2020-02-19
749,Israel,confirmed,0.0,2020-02-20
750,Israel,confirmed,1.0,2020-02-21
751,Israel,confirmed,1.0,2020-02-22
752,Israel,confirmed,1.0,2020-02-23
753,Israel,confirmed,1.0,2020-02-24
754,Israel,confirmed,1.0,2020-02-25
755,Israel,confirmed,2.0,2020-02-26
756,Italy,confirmed,0.0,2020-01-22
757,Italy,confirmed,0.0,2020-01-23
758,Italy,confirmed,0.0,2020-01-24
759,Italy,confirmed,0.0,2020-01-25
760,Italy,confirmed,0.0,2020-01-26
761,Italy,confirmed,0.0,2020-01-27
762,Italy,confirmed,0.0,2020-01-28
763,Italy,confirmed,0.0,2020-01-29
764,Italy,confirmed,0.0,2020-01-30
765,Italy,confirmed,2.0,2020-01-31
766,Italy,confirmed,2.0,2020-02-01
767,Italy,confirmed,2.0,2020-02-02
768,Italy,confirmed,2.0,2020-02-03
769,Italy,confirmed,2.0,2020-02-04
770,Italy,confirmed,2.0,2020-02-05
771,Italy,confirmed,2.0,2020-02-06
772,Italy,confirmed,3.0,2020-02-07
773,Italy,confirmed,3.0,2020-02-08
774,Italy,confirmed,3.0,2020-02-09
775,Italy,confirmed,3.0,2020-02-10
776,Italy,confirmed,3.0,2020-02-11
777,Italy,confirmed,3.0,2020-02-12
778,Italy,confirmed,3.0,2020-02-13
779,Italy,confirmed,3.0,2020-02-14
780,Italy,confirmed,3.0,2020-02-15
781,Italy,confirmed,3.0,2020-02-16
782,Italy,confirmed,3.0,2020-02-17
783,Italy,confirmed,3.0,2020-02-18
784,Italy,confirmed,3.0,2020-02-19
785,Italy,confirmed,3.0,2020-02-20
786,Italy,confirmed,21.0,2020-02-21
787,Italy,confirmed,65.0,2020-02-22
788,Italy,confirmed,160.0,2020-02-23
789,Italy,confirmed,237.0,2020-02-24
790,Italy,confirmed,333.0,2020-02-25
791,Italy,confirmed,468.0,2020-02-26
792,Japan,confirmed,2.0,2020-01-22
793,Japan,confirmed,1.0,2020-01-23
794,Japan,confirmed,2.0,2020-01-24
795,Japan,confirmed,2.0,2020-01-25
796,Japan,confirmed,5.0,2020-01-26
797,Japan,confirmed,5.0,2020-01-27
798,Japan,confirmed,8.0,2020-01-28
799,Japan,confirmed,8.0,2020-01-29
800,Japan,confirmed,12.0,2020-01-30
801,Japan,confirmed,16.0,2020-01-31
802,Japan,confirmed,21.0,2020-02-01
803,Japan,confirmed,21.0,2020-02-02
804,Japan,confirmed,21.0,2020-02-03
805,Japan,confirmed,23.0,2020-02-04
806,Japan,confirmed,23.0,2020-02-05
807,Japan,confirmed,46.0,2020-02-06
808,Japan,confirmed,26.0,2020-02-07
809,Japan,confirmed,26.0,2020-02-08
810,Japan,confirmed,27.0,2020-02-09
811,Japan,confirmed,30.0,2020-02-10
812,Japan,confirmed,35.0,2020-02-11
813,Japan,confirmed,37.0,2020-02-12
814,Japan,confirmed,38.0,2020-02-13
815,Japan,confirmed,39.0,2020-02-14
816,Japan,confirmed,56.0,2020-02-15
817,Japan,confirmed,72.0,2020-02-16
818,Japan,confirmed,79.0,2020-02-17
819,Japan,confirmed,88.0,2020-02-18
820,Japan,confirmed,103.0,2020-02-19
821,Japan,confirmed,113.0,2020-02-20
822,Japan,confirmed,128.0,2020-02-21
823,Japan,confirmed,145.0,2020-02-22
824,Japan,confirmed,170.0,2020-02-23
825,Japan,confirmed,182.0,2020-02-24
826,Japan,confirmed,193.0,2020-02-25
827,Japan,confirmed,213.0,2020-02-26
828,Kuwait,confirmed,0.0,2020-01-22
829,Kuwait,confirmed,0.0,2020-01-23
830,Kuwait,confirmed,0.0,2020-01-24
831,Kuwait,confirmed,0.0,2020-01-25
832,Kuwait,confirmed,0.0,2020-01-26
833,Kuwait,confirmed,0.0,2020-01-27
834,Kuwait,confirmed,0.0,2020-01-28
835,Kuwait,confirmed,0.0,2020-01-29
836,Kuwait,confirmed,0.0,2020-01-30
837,Kuwait,confirmed,0.0,2020-01-31
838,Kuwait,confirmed,0.0,2020-02-01
839,Kuwait,confirmed,0.0,2020-02-02
840,Kuwait,confirmed,0.0,2020-02-03
841,Kuwait,confirmed,0.0,2020-02-04
842,Kuwait,confirmed,0.0,2020-02-05
843,Kuwait,confirmed,0.0,2020-02-06
844,Kuwait,confirmed,0.0,2020-02-07
845,Kuwait,confirmed,0.0,2020-02-08
846,Kuwait,confirmed,0.0,2020-02-09
847,Kuwait,confirmed,0.0,2020-02-10
848,Kuwait,confirmed,0.0,2020-02-11
849,Kuwait,confirmed,0.0,2020-02-12
850,Kuwait,confirmed,0.0,2020-02-13
851,Kuwait,confirmed,0.0,2020-02-14
852,Kuwait,confirmed,0.0,2020-02-15
853,Kuwait,confirmed,0.0,2020-02-16
854,Kuwait,confirmed,0.0,2020-02-17
855,Kuwait,confirmed,0.0,2020-02-18
856,Kuwait,confirmed,0.0,2020-02-19
857,Kuwait,confirmed,0.0,2020-02-20
858,Kuwait,confirmed,0.0,2020-02-21
859,Kuwait,confirmed,0.0,2020-02-22
860,Kuwait,confirmed,0.0,2020-02-23
861,Kuwait,confirmed,1.0,2020-02-24
862,Kuwait,confirmed,11.0,2020-02-25
863,Kuwait,confirmed,26.0,2020-02-26
864,Lebanon,confirmed,0.0,2020-01-22
865,Lebanon,confirmed,0.0,2020-01-23
866,Lebanon,confirmed,0.0,2020-01-24
867,Lebanon,confirmed,0.0,2020-01-25
868,Lebanon,confirmed,0.0,2020-01-26
869,Lebanon,confirmed,0.0,2020-01-27
870,Lebanon,confirmed,0.0,2020-01-28
871,Lebanon,confirmed,0.0,2020-01-29
872,Lebanon,confirmed,0.0,2020-01-30
873,Lebanon,confirmed,0.0,2020-01-31
874,Lebanon,confirmed,0.0,2020-02-01
875,Lebanon,confirmed,0.0,2020-02-02
876,Lebanon,confirmed,0.0,2020-02-03
877,Lebanon,confirmed,0.0,2020-02-04
878,Lebanon,confirmed,0.0,2020-02-05
879,Lebanon,confirmed,0.0,2020-02-06
880,Lebanon,confirmed,0.0,2020-02-07
881,Lebanon,confirmed,0.0,2020-02-08
882,Lebanon,confirmed,0.0,2020-02-09
883,Lebanon,confirmed,0.0,2020-02-10
884,Lebanon,confirmed,0.0,2020-02-11
885,Lebanon,confirmed,0.0,2020-02-12
886,Lebanon,confirmed,0.0,2020-02-13
887,Lebanon,confirmed,0.0,2020-02-14
888,Lebanon,confirmed,0.0,2020-02-15
889,Lebanon,confirmed,0.0,2020-02-16
890,Lebanon,confirmed,0.0,2020-02-17
891,Lebanon,confirmed,0.0,2020-02-18
892,Lebanon,confirmed,0.0,2020-02-19
893,Lebanon,confirmed,0.0,2020-02-20
894,Lebanon,confirmed,1.0,2020-02-21
895,Lebanon,confirmed,1.0,2020-02-22
896,Lebanon,confirmed,1.0,2020-02-23
897,Lebanon,confirmed,1.0,2020-02-24
898,Lebanon,confirmed,1.0,2020-02-25
899,Lebanon,confirmed,2.0,2020-02-26
900,Macau,confirmed,1.0,2020-01-22
901,Macau,confirmed,2.0,2020-01-23
902,Macau,confirmed,2.0,2020-01-24
903,Macau,confirmed,2.0,2020-01-25
904,Macau,confirmed,5.0,2020-01-26
905,Macau,confirmed,6.0,2020-01-27
906,Macau,confirmed,7.0,2020-01-28
907,Macau,confirmed,7.0,2020-01-29
908,Macau,confirmed,7.0,2020-01-30
909,Macau,confirmed,7.0,2020-01-31
910,Macau,confirmed,7.0,2020-02-01
911,Macau,confirmed,8.0,2020-02-02
912,Macau,confirmed,8.0,2020-02-03
913,Macau,confirmed,10.0,2020-02-04
914,Macau,confirmed,10.0,2020-02-05
915,Macau,confirmed,11.0,2020-02-06
916,Macau,confirmed,11.0,2020-02-07
917,Macau,confirmed,11.0,2020-02-08
918,Macau,confirmed,11.0,2020-02-09
919,Macau,confirmed,11.0,2020-02-10
920,Macau,confirmed,11.0,2020-02-11
921,Macau,confirmed,12.0,2020-02-12
922,Macau,confirmed,13.0,2020-02-13
923,Macau,confirmed,13.0,2020-02-14
924,Macau,confirmed,13.0,2020-02-15
925,Macau,confirmed,15.0,2020-02-16
926,Macau,confirmed,15.0,2020-02-17
927,Macau,confirmed,15.0,2020-02-18
928,Macau,confirmed,15.0,2020-02-19
929,Macau,confirmed,16.0,2020-02-20
930,Macau,confirmed,16.0,2020-02-21
931,Macau,confirmed,16.0,2020-02-22
932,Macau,confirmed,16.0,2020-02-23
933,Macau,confirmed,16.0,2020-02-24
934,Macau,confirmed,17.0,2020-02-25
935,Macau,confirmed,17.0,2020-02-26
936,Mainland China,confirmed,592.0,2020-01-22
937,Mainland China,confirmed,687.0,2020-01-23
938,Mainland China,confirmed,978.0,2020-01-24
939,Mainland China,confirmed,1480.0,2020-01-25
940,Mainland China,confirmed,2167.0,2020-01-26
941,Mainland China,confirmed,3003.0,2020-01-27
942,Mainland China,confirmed,5726.0,2020-01-28
943,Mainland China,confirmed,6323.0,2020-01-29
944,Mainland China,confirmed,8430.0,2020-01-30
945,Mainland China,confirmed,10210.0,2020-01-31
946,Mainland China,confirmed,12405.0,2020-02-01
947,Mainland China,confirmed,17431.0,2020-02-02
948,Mainland China,confirmed,20732.0,2020-02-03
949,Mainland China,confirmed,25013.0,2020-02-04
950,Mainland China,confirmed,29086.0,2020-02-05
951,Mainland China,confirmed,32661.0,2020-02-06
952,Mainland China,confirmed,36790.0,2020-02-07
953,Mainland China,confirmed,40177.0,2020-02-08
954,Mainland China,confirmed,43912.0,2020-02-09
955,Mainland China,confirmed,47234.0,2020-02-10
956,Mainland China,confirmed,50073.0,2020-02-11
957,Mainland China,confirmed,50894.0,2020-02-12
958,Mainland China,confirmed,67413.0,2020-02-13
959,Mainland China,confirmed,75785.0,2020-02-14
960,Mainland China,confirmed,79303.0,2020-02-15
961,Mainland China,confirmed,82959.0,2020-02-16
962,Mainland China,confirmed,86682.0,2020-02-17
963,Mainland China,confirmed,90340.0,2020-02-18
964,Mainland China,confirmed,92612.0,2020-02-19
965,Mainland China,confirmed,95237.0,2020-02-20
966,Mainland China,confirmed,96401.0,2020-02-21
967,Mainland China,confirmed,102050.0,2020-02-22
968,Mainland China,confirmed,102551.0,2020-02-23
969,Mainland China,confirmed,104735.0,2020-02-24
970,Mainland China,confirmed,107973.0,2020-02-25
971,Mainland China,confirmed,110833.0,2020-02-26
972,Malaysia,confirmed,0.0,2020-01-22
973,Malaysia,confirmed,0.0,2020-01-23
974,Malaysia,confirmed,0.0,2020-01-24
975,Malaysia,confirmed,3.0,2020-01-25
976,Malaysia,confirmed,4.0,2020-01-26
977,Malaysia,confirmed,4.0,2020-01-27
978,Malaysia,confirmed,4.0,2020-01-28
979,Malaysia,confirmed,7.0,2020-01-29
980,Malaysia,confirmed,8.0,2020-01-30
981,Malaysia,confirmed,8.0,2020-01-31
982,Malaysia,confirmed,8.0,2020-02-01
983,Malaysia,confirmed,8.0,2020-02-02
984,Malaysia,confirmed,8.0,2020-02-03
985,Malaysia,confirmed,10.0,2020-02-04
986,Malaysia,confirmed,12.0,2020-02-05
987,Malaysia,confirmed,12.0,2020-02-06
988,Malaysia,confirmed,13.0,2020-02-07
989,Malaysia,confirmed,17.0,2020-02-08
990,Malaysia,confirmed,17.0,2020-02-09
991,Malaysia,confirmed,19.0,2020-02-10
992,Malaysia,confirmed,21.0,2020-02-11
993,Malaysia,confirmed,21.0,2020-02-12
994,Malaysia,confirmed,22.0,2020-02-13
995,Malaysia,confirmed,22.0,2020-02-14
996,Malaysia,confirmed,29.0,2020-02-15
997,Malaysia,confirmed,29.0,2020-02-16
998,Malaysia,confirmed,29.0,2020-02-17
999,Malaysia,confirmed,35.0,2020-02-18
1000,Malaysia,confirmed,37.0,2020-02-19
1001,Malaysia,confirmed,37.0,2020-02-20
1002,Malaysia,confirmed,37.0,2020-02-21
1003,Malaysia,confirmed,37.0,2020-02-22
1004,Malaysia,confirmed,37.0,2020-02-23
1005,Malaysia,confirmed,40.0,2020-02-24
1006,Malaysia,confirmed,40.0,2020-02-25
1007,Malaysia,confirmed,40.0,2020-02-26
1008,Nepal,confirmed,0.0,2020-01-22
1009,Nepal,confirmed,0.0,2020-01-23
1010,Nepal,confirmed,0.0,2020-01-24
1011,Nepal,confirmed,1.0,2020-01-25
1012,Nepal,confirmed,1.0,2020-01-26
1013,Nepal,confirmed,1.0,2020-01-27
1014,Nepal,confirmed,1.0,2020-01-28
1015,Nepal,confirmed,1.0,2020-01-29
1016,Nepal,confirmed,1.0,2020-01-30
1017,Nepal,confirmed,1.0,2020-01-31
1018,Nepal,confirmed,1.0,2020-02-01
1019,Nepal,confirmed,1.0,2020-02-02
1020,Nepal,confirmed,1.0,2020-02-03
1021,Nepal,confirmed,1.0,2020-02-04
1022,Nepal,confirmed,1.0,2020-02-05
1023,Nepal,confirmed,1.0,2020-02-06
1024,Nepal,confirmed,1.0,2020-02-07
1025,Nepal,confirmed,1.0,2020-02-08
1026,Nepal,confirmed,1.0,2020-02-09
1027,Nepal,confirmed,1.0,2020-02-10
1028,Nepal,confirmed,1.0,2020-02-11
1029,Nepal,confirmed,2.0,2020-02-12
1030,Nepal,confirmed,2.0,2020-02-13
1031,Nepal,confirmed,2.0,2020-02-14
1032,Nepal,confirmed,2.0,2020-02-15
1033,Nepal,confirmed,2.0,2020-02-16
1034,Nepal,confirmed,2.0,2020-02-17
1035,Nepal,confirmed,2.0,2020-02-18
1036,Nepal,confirmed,2.0,2020-02-19
1037,Nepal,confirmed,2.0,2020-02-20
1038,Nepal,confirmed,2.0,2020-02-21
1039,Nepal,confirmed,2.0,2020-02-22
1040,Nepal,confirmed,2.0,2020-02-23
1041,Nepal,confirmed,2.0,2020-02-24
1042,Nepal,confirmed,2.0,2020-02-25
1043,Nepal,confirmed,2.0,2020-02-26
1044,North Macedonia,confirmed,0.0,2020-01-22
1045,North Macedonia,confirmed,0.0,2020-01-23
1046,North Macedonia,confirmed,0.0,2020-01-24
1047,North Macedonia,confirmed,0.0,2020-01-25
1048,North Macedonia,confirmed,0.0,2020-01-26
1049,North Macedonia,confirmed,0.0,2020-01-27
1050,North Macedonia,confirmed,0.0,2020-01-28
1051,North Macedonia,confirmed,0.0,2020-01-29
1052,North Macedonia,confirmed,0.0,2020-01-30
1053,North Macedonia,confirmed,0.0,2020-01-31
1054,North Macedonia,confirmed,0.0,2020-02-01
1055,North Macedonia,confirmed,0.0,2020-02-02
1056,North Macedonia,confirmed,0.0,2020-02-03
1057,North Macedonia,confirmed,0.0,2020-02-04
1058,North Macedonia,confirmed,0.0,2020-02-05
1059,North Macedonia,confirmed,0.0,2020-02-06
1060,North Macedonia,confirmed,0.0,2020-02-07
1061,North Macedonia,confirmed,0.0,2020-02-08
1062,North Macedonia,confirmed,0.0,2020-02-09
1063,North Macedonia,confirmed,0.0,2020-02-10
1064,North Macedonia,confirmed,0.0,2020-02-11
1065,North Macedonia,confirmed,0.0,2020-02-12
1066,North Macedonia,confirmed,0.0,2020-02-13
1067,North Macedonia,confirmed,0.0,2020-02-14
1068,North Macedonia,confirmed,0.0,2020-02-15
1069,North Macedonia,confirmed,0.0,2020-02-16
1070,North Macedonia,confirmed,0.0,2020-02-17
1071,North Macedonia,confirmed,0.0,2020-02-18
1072,North Macedonia,confirmed,0.0,2020-02-19
1073,North Macedonia,confirmed,0.0,2020-02-20
1074,North Macedonia,confirmed,0.0,2020-02-21
1075,North Macedonia,confirmed,0.0,2020-02-22
1076,North Macedonia,confirmed,0.0,2020-02-23
1077,North Macedonia,confirmed,0.0,2020-02-24
1078,North Macedonia,confirmed,0.0,2020-02-25
1079,North Macedonia,confirmed,1.0,2020-02-26
1080,Norway,confirmed,0.0,2020-01-22
1081,Norway,confirmed,0.0,2020-01-23
1082,Norway,confirmed,0.0,2020-01-24
1083,Norway,confirmed,0.0,2020-01-25
1084,Norway,confirmed,0.0,2020-01-26
1085,Norway,confirmed,0.0,2020-01-27
1086,Norway,confirmed,0.0,2020-01-28
1087,Norway,confirmed,0.0,2020-01-29
1088,Norway,confirmed,0.0,2020-01-30
1089,Norway,confirmed,0.0,2020-01-31
1090,Norway,confirmed,0.0,2020-02-01
1091,Norway,confirmed,0.0,2020-02-02
1092,Norway,confirmed,0.0,2020-02-03
1093,Norway,confirmed,0.0,2020-02-04
1094,Norway,confirmed,0.0,2020-02-05
1095,Norway,confirmed,0.0,2020-02-06
1096,Norway,confirmed,0.0,2020-02-07
1097,Norway,confirmed,0.0,2020-02-08
1098,Norway,confirmed,0.0,2020-02-09
1099,Norway,confirmed,0.0,2020-02-10
1100,Norway,confirmed,0.0,2020-02-11
1101,Norway,confirmed,0.0,2020-02-12
1102,Norway,confirmed,0.0,2020-02-13
1103,Norway,confirmed,0.0,2020-02-14
1104,Norway,confirmed,0.0,2020-02-15
1105,Norway,confirmed,0.0,2020-02-16
1106,Norway,confirmed,0.0,2020-02-17
1107,Norway,confirmed,0.0,2020-02-18
1108,Norway,confirmed,0.0,2020-02-19
1109,Norway,confirmed,0.0,2020-02-20
1110,Norway,confirmed,0.0,2020-02-21
1111,Norway,confirmed,0.0,2020-02-22
1112,Norway,confirmed,0.0,2020-02-23
1113,Norway,confirmed,0.0,2020-02-24
1114,Norway,confirmed,0.0,2020-02-25
1115,Norway,confirmed,1.0,2020-02-26
1116,Oman,confirmed,0.0,2020-01-22
1117,Oman,confirmed,0.0,2020-01-23
1118,Oman,confirmed,0.0,2020-01-24
1119,Oman,confirmed,0.0,2020-01-25
1120,Oman,confirmed,0.0,2020-01-26
1121,Oman,confirmed,0.0,2020-01-27
1122,Oman,confirmed,0.0,2020-01-28
1123,Oman,confirmed,0.0,2020-01-29
1124,Oman,confirmed,0.0,2020-01-30
1125,Oman,confirmed,0.0,2020-01-31
1126,Oman,confirmed,0.0,2020-02-01
1127,Oman,confirmed,0.0,2020-02-02
1128,Oman,confirmed,0.0,2020-02-03
1129,Oman,confirmed,0.0,2020-02-04
1130,Oman,confirmed,0.0,2020-02-05
1131,Oman,confirmed,0.0,2020-02-06
1132,Oman,confirmed,0.0,2020-02-07
1133,Oman,confirmed,0.0,2020-02-08
1134,Oman,confirmed,0.0,2020-02-09
1135,Oman,confirmed,0.0,2020-02-10
1136,Oman,confirmed,0.0,2020-02-11
1137,Oman,confirmed,0.0,2020-02-12
1138,Oman,confirmed,0.0,2020-02-13
1139,Oman,confirmed,0.0,2020-02-14
1140,Oman,confirmed,0.0,2020-02-15
1141,Oman,confirmed,0.0,2020-02-16
1142,Oman,confirmed,0.0,2020-02-17
1143,Oman,confirmed,0.0,2020-02-18
1144,Oman,confirmed,0.0,2020-02-19
1145,Oman,confirmed,0.0,2020-02-20
1146,Oman,confirmed,0.0,2020-02-21
1147,Oman,confirmed,0.0,2020-02-22
1148,Oman,confirmed,0.0,2020-02-23
1149,Oman,confirmed,2.0,2020-02-24
1150,Oman,confirmed,2.0,2020-02-25
1151,Oman,confirmed,4.0,2020-02-26
1152,Others,confirmed,0.0,2020-01-22
1153,Others,confirmed,0.0,2020-01-23
1154,Others,confirmed,0.0,2020-01-24
1155,Others,confirmed,0.0,2020-01-25
1156,Others,confirmed,0.0,2020-01-26
1157,Others,confirmed,0.0,2020-01-27
1158,Others,confirmed,0.0,2020-01-28
1159,Others,confirmed,0.0,2020-01-29
1160,Others,confirmed,0.0,2020-01-30
1161,Others,confirmed,0.0,2020-01-31
1162,Others,confirmed,0.0,2020-02-01
1163,Others,confirmed,0.0,2020-02-02
1164,Others,confirmed,0.0,2020-02-03
1165,Others,confirmed,0.0,2020-02-04
1166,Others,confirmed,0.0,2020-02-05
1167,Others,confirmed,0.0,2020-02-06
1168,Others,confirmed,61.0,2020-02-07
1169,Others,confirmed,61.0,2020-02-08
1170,Others,confirmed,64.0,2020-02-09
1171,Others,confirmed,135.0,2020-02-10
1172,Others,confirmed,135.0,2020-02-11
1173,Others,confirmed,175.0,2020-02-12
1174,Others,confirmed,175.0,2020-02-13
1175,Others,confirmed,218.0,2020-02-14
1176,Others,confirmed,285.0,2020-02-15
1177,Others,confirmed,355.0,2020-02-16
1178,Others,confirmed,454.0,2020-02-17
1179,Others,confirmed,542.0,2020-02-18
1180,Others,confirmed,622.0,2020-02-19
1181,Others,confirmed,637.0,2020-02-20
1182,Others,confirmed,637.0,2020-02-21
1183,Others,confirmed,637.0,2020-02-22
1184,Others,confirmed,694.0,2020-02-23
1185,Others,confirmed,694.0,2020-02-24
1186,Others,confirmed,694.0,2020-02-25
1187,Others,confirmed,719.0,2020-02-26
1188,Pakistan,confirmed,0.0,2020-01-22
1189,Pakistan,confirmed,0.0,2020-01-23
1190,Pakistan,confirmed,0.0,2020-01-24
1191,Pakistan,confirmed,0.0,2020-01-25
1192,Pakistan,confirmed,0.0,2020-01-26
1193,Pakistan,confirmed,0.0,2020-01-27
1194,Pakistan,confirmed,0.0,2020-01-28
1195,Pakistan,confirmed,0.0,2020-01-29
1196,Pakistan,confirmed,0.0,2020-01-30
1197,Pakistan,confirmed,0.0,2020-01-31
1198,Pakistan,confirmed,0.0,2020-02-01
1199,Pakistan,confirmed,0.0,2020-02-02
1200,Pakistan,confirmed,0.0,2020-02-03
1201,Pakistan,confirmed,0.0,2020-02-04
1202,Pakistan,confirmed,0.0,2020-02-05
1203,Pakistan,confirmed,0.0,2020-02-06
1204,Pakistan,confirmed,0.0,2020-02-07
1205,Pakistan,confirmed,0.0,2020-02-08
1206,Pakistan,confirmed,0.0,2020-02-09
1207,Pakistan,confirmed,0.0,2020-02-10
1208,Pakistan,confirmed,0.0,2020-02-11
1209,Pakistan,confirmed,0.0,2020-02-12
1210,Pakistan,confirmed,0.0,2020-02-13
1211,Pakistan,confirmed,0.0,2020-02-14
1212,Pakistan,confirmed,0.0,2020-02-15
1213,Pakistan,confirmed,0.0,2020-02-16
1214,Pakistan,confirmed,0.0,2020-02-17
1215,Pakistan,confirmed,0.0,2020-02-18
1216,Pakistan,confirmed,0.0,2020-02-19
1217,Pakistan,confirmed,0.0,2020-02-20
1218,Pakistan,confirmed,0.0,2020-02-21
1219,Pakistan,confirmed,0.0,2020-02-22
1220,Pakistan,confirmed,0.0,2020-02-23
1221,Pakistan,confirmed,0.0,2020-02-24
1222,Pakistan,confirmed,0.0,2020-02-25
1223,Pakistan,confirmed,2.0,2020-02-26
1224,Philippines,confirmed,0.0,2020-01-22
1225,Philippines,confirmed,0.0,2020-01-23
1226,Philippines,confirmed,0.0,2020-01-24
1227,Philippines,confirmed,0.0,2020-01-25
1228,Philippines,confirmed,0.0,2020-01-26
1229,Philippines,confirmed,0.0,2020-01-27
1230,Philippines,confirmed,0.0,2020-01-28
1231,Philippines,confirmed,0.0,2020-01-29
1232,Philippines,confirmed,1.0,2020-01-30
1233,Philippines,confirmed,1.0,2020-01-31
1234,Philippines,confirmed,1.0,2020-02-01
1235,Philippines,confirmed,3.0,2020-02-02
1236,Philippines,confirmed,3.0,2020-02-03
1237,Philippines,confirmed,3.0,2020-02-04
1238,Philippines,confirmed,3.0,2020-02-05
1239,Philippines,confirmed,3.0,2020-02-06
1240,Philippines,confirmed,4.0,2020-02-07
1241,Philippines,confirmed,4.0,2020-02-08
1242,Philippines,confirmed,4.0,2020-02-09
1243,Philippines,confirmed,4.0,2020-02-10
1244,Philippines,confirmed,4.0,2020-02-11
1245,Philippines,confirmed,5.0,2020-02-12
1246,Philippines,confirmed,5.0,2020-02-13
1247,Philippines,confirmed,5.0,2020-02-14
1248,Philippines,confirmed,5.0,2020-02-15
1249,Philippines,confirmed,5.0,2020-02-16
1250,Philippines,confirmed,5.0,2020-02-17
1251,Philippines,confirmed,5.0,2020-02-18
1252,Philippines,confirmed,5.0,2020-02-19
1253,Philippines,confirmed,5.0,2020-02-20
1254,Philippines,confirmed,5.0,2020-02-21
1255,Philippines,confirmed,5.0,2020-02-22
1256,Philippines,confirmed,5.0,2020-02-23
1257,Philippines,confirmed,5.0,2020-02-24
1258,Philippines,confirmed,5.0,2020-02-25
1259,Philippines,confirmed,5.0,2020-02-26
1260,Romania,confirmed,0.0,2020-01-22
1261,Romania,confirmed,0.0,2020-01-23
1262,Romania,confirmed,0.0,2020-01-24
1263,Romania,confirmed,0.0,2020-01-25
1264,Romania,confirmed,0.0,2020-01-26
1265,Romania,confirmed,0.0,2020-01-27
1266,Romania,confirmed,0.0,2020-01-28
1267,Romania,confirmed,0.0,2020-01-29
1268,Romania,confirmed,0.0,2020-01-30
1269,Romania,confirmed,0.0,2020-01-31
1270,Romania,confirmed,0.0,2020-02-01
1271,Romania,confirmed,0.0,2020-02-02
1272,Romania,confirmed,0.0,2020-02-03
1273,Romania,confirmed,0.0,2020-02-04
1274,Romania,confirmed,0.0,2020-02-05
1275,Romania,confirmed,0.0,2020-02-06
1276,Romania,confirmed,0.0,2020-02-07
1277,Romania,confirmed,0.0,2020-02-08
1278,Romania,confirmed,0.0,2020-02-09
1279,Romania,confirmed,0.0,2020-02-10
1280,Romania,confirmed,0.0,2020-02-11
1281,Romania,confirmed,0.0,2020-02-12
1282,Romania,confirmed,0.0,2020-02-13
1283,Romania,confirmed,0.0,2020-02-14
1284,Romania,confirmed,0.0,2020-02-15
1285,Romania,confirmed,0.0,2020-02-16
1286,Romania,confirmed,0.0,2020-02-17
1287,Romania,confirmed,0.0,2020-02-18
1288,Romania,confirmed,0.0,2020-02-19
1289,Romania,confirmed,0.0,2020-02-20
1290,Romania,confirmed,0.0,2020-02-21
1291,Romania,confirmed,0.0,2020-02-22
1292,Romania,confirmed,0.0,2020-02-23
1293,Romania,confirmed,0.0,2020-02-24
1294,Romania,confirmed,0.0,2020-02-25
1295,Romania,confirmed,1.0,2020-02-26
1296,Russia,confirmed,0.0,2020-01-22
1297,Russia,confirmed,0.0,2020-01-23
1298,Russia,confirmed,0.0,2020-01-24
1299,Russia,confirmed,0.0,2020-01-25
1300,Russia,confirmed,0.0,2020-01-26
1301,Russia,confirmed,0.0,2020-01-27
1302,Russia,confirmed,0.0,2020-01-28
1303,Russia,confirmed,0.0,2020-01-29
1304,Russia,confirmed,0.0,2020-01-30
1305,Russia,confirmed,2.0,2020-01-31
1306,Russia,confirmed,2.0,2020-02-01
1307,Russia,confirmed,2.0,2020-02-02
1308,Russia,confirmed,2.0,2020-02-03
1309,Russia,confirmed,2.0,2020-02-04
1310,Russia,confirmed,2.0,2020-02-05
1311,Russia,confirmed,2.0,2020-02-06
1312,Russia,confirmed,2.0,2020-02-07
1313,Russia,confirmed,2.0,2020-02-08
1314,Russia,confirmed,2.0,2020-02-09
1315,Russia,confirmed,2.0,2020-02-10
1316,Russia,confirmed,2.0,2020-02-11
1317,Russia,confirmed,4.0,2020-02-12
1318,Russia,confirmed,4.0,2020-02-13
1319,Russia,confirmed,4.0,2020-02-14
1320,Russia,confirmed,4.0,2020-02-15
1321,Russia,confirmed,4.0,2020-02-16
1322,Russia,confirmed,4.0,2020-02-17
1323,Russia,confirmed,4.0,2020-02-18
1324,Russia,confirmed,4.0,2020-02-19
1325,Russia,confirmed,4.0,2020-02-20
1326,Russia,confirmed,4.0,2020-02-21
1327,Russia,confirmed,4.0,2020-02-22
1328,Russia,confirmed,4.0,2020-02-23
1329,Russia,confirmed,4.0,2020-02-24
1330,Russia,confirmed,4.0,2020-02-25
1331,Russia,confirmed,4.0,2020-02-26
1332,Singapore,confirmed,0.0,2020-01-22
1333,Singapore,confirmed,1.0,2020-01-23
1334,Singapore,confirmed,3.0,2020-01-24
1335,Singapore,confirmed,3.0,2020-01-25
1336,Singapore,confirmed,4.0,2020-01-26
1337,Singapore,confirmed,5.0,2020-01-27
1338,Singapore,confirmed,7.0,2020-01-28
1339,Singapore,confirmed,7.0,2020-01-29
1340,Singapore,confirmed,10.0,2020-01-30
1341,Singapore,confirmed,13.0,2020-01-31
1342,Singapore,confirmed,16.0,2020-02-01
1343,Singapore,confirmed,18.0,2020-02-02
1344,Singapore,confirmed,18.0,2020-02-03
1345,Singapore,confirmed,24.0,2020-02-04
1346,Singapore,confirmed,28.0,2020-02-05
1347,Singapore,confirmed,28.0,2020-02-06
1348,Singapore,confirmed,30.0,2020-02-07
1349,Singapore,confirmed,35.0,2020-02-08
1350,Singapore,confirmed,42.0,2020-02-09
1351,Singapore,confirmed,47.0,2020-02-10
1352,Singapore,confirmed,56.0,2020-02-11
1353,Singapore,confirmed,65.0,2020-02-12
1354,Singapore,confirmed,73.0,2020-02-13
1355,Singapore,confirmed,84.0,2020-02-14
1356,Singapore,confirmed,90.0,2020-02-15
1357,Singapore,confirmed,93.0,2020-02-16
1358,Singapore,confirmed,101.0,2020-02-17
1359,Singapore,confirmed,110.0,2020-02-18
1360,Singapore,confirmed,118.0,2020-02-19
1361,Singapore,confirmed,118.0,2020-02-20
1362,Singapore,confirmed,122.0,2020-02-21
1363,Singapore,confirmed,122.0,2020-02-22
1364,Singapore,confirmed,140.0,2020-02-23
1365,Singapore,confirmed,140.0,2020-02-24
1366,Singapore,confirmed,144.0,2020-02-25
1367,Singapore,confirmed,155.0,2020-02-26
1368,South Korea,confirmed,1.0,2020-01-22
1369,South Korea,confirmed,1.0,2020-01-23
1370,South Korea,confirmed,2.0,2020-01-24
1371,South Korea,confirmed,2.0,2020-01-25
1372,South Korea,confirmed,3.0,2020-01-26
1373,South Korea,confirmed,4.0,2020-01-27
1374,South Korea,confirmed,4.0,2020-01-28
1375,South Korea,confirmed,4.0,2020-01-29
1376,South Korea,confirmed,4.0,2020-01-30
1377,South Korea,confirmed,11.0,2020-01-31
1378,South Korea,confirmed,12.0,2020-02-01
1379,South Korea,confirmed,15.0,2020-02-02
1380,South Korea,confirmed,15.0,2020-02-03
1381,South Korea,confirmed,16.0,2020-02-04
1382,South Korea,confirmed,19.0,2020-02-05
1383,South Korea,confirmed,23.0,2020-02-06
1384,South Korea,confirmed,25.0,2020-02-07
1385,South Korea,confirmed,25.0,2020-02-08
1386,South Korea,confirmed,28.0,2020-02-09
1387,South Korea,confirmed,30.0,2020-02-10
1388,South Korea,confirmed,31.0,2020-02-11
1389,South Korea,confirmed,35.0,2020-02-12
1390,South Korea,confirmed,35.0,2020-02-13
1391,South Korea,confirmed,35.0,2020-02-14
1392,South Korea,confirmed,37.0,2020-02-15
1393,South Korea,confirmed,38.0,2020-02-16
1394,South Korea,confirmed,40.0,2020-02-17
1395,South Korea,confirmed,43.0,2020-02-18
1396,South Korea,confirmed,43.0,2020-02-19
1397,South Korea,confirmed,121.0,2020-02-20
1398,South Korea,confirmed,222.0,2020-02-21
1399,South Korea,confirmed,451.0,2020-02-22
1400,South Korea,confirmed,626.0,2020-02-23
1401,South Korea,confirmed,859.0,2020-02-24
1402,South Korea,confirmed,1009.0,2020-02-25
1403,South Korea,confirmed,1295.0,2020-02-26
1404,Spain,confirmed,0.0,2020-01-22
1405,Spain,confirmed,0.0,2020-01-23
1406,Spain,confirmed,0.0,2020-01-24
1407,Spain,confirmed,0.0,2020-01-25
1408,Spain,confirmed,0.0,2020-01-26
1409,Spain,confirmed,0.0,2020-01-27
1410,Spain,confirmed,0.0,2020-01-28
1411,Spain,confirmed,0.0,2020-01-29
1412,Spain,confirmed,0.0,2020-01-30
1413,Spain,confirmed,0.0,2020-01-31
1414,Spain,confirmed,1.0,2020-02-01
1415,Spain,confirmed,1.0,2020-02-02
1416,Spain,confirmed,1.0,2020-02-03
1417,Spain,confirmed,1.0,2020-02-04
1418,Spain,confirmed,1.0,2020-02-05
1419,Spain,confirmed,1.0,2020-02-06
1420,Spain,confirmed,1.0,2020-02-07
1421,Spain,confirmed,1.0,2020-02-08
1422,Spain,confirmed,2.0,2020-02-09
1423,Spain,confirmed,2.0,2020-02-10
1424,Spain,confirmed,2.0,2020-02-11
1425,Spain,confirmed,2.0,2020-02-12
1426,Spain,confirmed,2.0,2020-02-13
1427,Spain,confirmed,2.0,2020-02-14
1428,Spain,confirmed,4.0,2020-02-15
1429,Spain,confirmed,4.0,2020-02-16
1430,Spain,confirmed,4.0,2020-02-17
1431,Spain,confirmed,4.0,2020-02-18
1432,Spain,confirmed,4.0,2020-02-19
1433,Spain,confirmed,4.0,2020-02-20
1434,Spain,confirmed,4.0,2020-02-21
1435,Spain,confirmed,4.0,2020-02-22
1436,Spain,confirmed,4.0,2020-02-23
1437,Spain,confirmed,4.0,2020-02-24
1438,Spain,confirmed,8.0,2020-02-25
1439,Spain,confirmed,15.0,2020-02-26
1440,Sri Lanka,confirmed,0.0,2020-01-22
1441,Sri Lanka,confirmed,0.0,2020-01-23
1442,Sri Lanka,confirmed,0.0,2020-01-24
1443,Sri Lanka,confirmed,0.0,2020-01-25
1444,Sri Lanka,confirmed,0.0,2020-01-26
1445,Sri Lanka,confirmed,1.0,2020-01-27
1446,Sri Lanka,confirmed,1.0,2020-01-28
1447,Sri Lanka,confirmed,1.0,2020-01-29
1448,Sri Lanka,confirmed,1.0,2020-01-30
1449,Sri Lanka,confirmed,1.0,2020-01-31
1450,Sri Lanka,confirmed,1.0,2020-02-01
1451,Sri Lanka,confirmed,1.0,2020-02-02
1452,Sri Lanka,confirmed,1.0,2020-02-03
1453,Sri Lanka,confirmed,1.0,2020-02-04
1454,Sri Lanka,confirmed,1.0,2020-02-05
1455,Sri Lanka,confirmed,1.0,2020-02-06
1456,Sri Lanka,confirmed,1.0,2020-02-07
1457,Sri Lanka,confirmed,2.0,2020-02-08
1458,Sri Lanka,confirmed,2.0,2020-02-09
1459,Sri Lanka,confirmed,2.0,2020-02-10
1460,Sri Lanka,confirmed,2.0,2020-02-11
1461,Sri Lanka,confirmed,2.0,2020-02-12
1462,Sri Lanka,confirmed,2.0,2020-02-13
1463,Sri Lanka,confirmed,2.0,2020-02-14
1464,Sri Lanka,confirmed,2.0,2020-02-15
1465,Sri Lanka,confirmed,2.0,2020-02-16
1466,Sri Lanka,confirmed,2.0,2020-02-17
1467,Sri Lanka,confirmed,2.0,2020-02-18
1468,Sri Lanka,confirmed,2.0,2020-02-19
1469,Sri Lanka,confirmed,2.0,2020-02-20
1470,Sri Lanka,confirmed,2.0,2020-02-21
1471,Sri Lanka,confirmed,2.0,2020-02-22
1472,Sri Lanka,confirmed,2.0,2020-02-23
1473,Sri Lanka,confirmed,2.0,2020-02-24
1474,Sri Lanka,confirmed,2.0,2020-02-25
1475,Sri Lanka,confirmed,2.0,2020-02-26
1476,Sweden,confirmed,0.0,2020-01-22
1477,Sweden,confirmed,0.0,2020-01-23
1478,Sweden,confirmed,0.0,2020-01-24
1479,Sweden,confirmed,0.0,2020-01-25
1480,Sweden,confirmed,0.0,2020-01-26
1481,Sweden,confirmed,0.0,2020-01-27
1482,Sweden,confirmed,0.0,2020-01-28
1483,Sweden,confirmed,0.0,2020-01-29
1484,Sweden,confirmed,0.0,2020-01-30
1485,Sweden,confirmed,1.0,2020-01-31
1486,Sweden,confirmed,1.0,2020-02-01
1487,Sweden,confirmed,1.0,2020-02-02
1488,Sweden,confirmed,1.0,2020-02-03
1489,Sweden,confirmed,1.0,2020-02-04
1490,Sweden,confirmed,1.0,2020-02-05
1491,Sweden,confirmed,1.0,2020-02-06
1492,Sweden,confirmed,1.0,2020-02-07
1493,Sweden,confirmed,1.0,2020-02-08
1494,Sweden,confirmed,1.0,2020-02-09
1495,Sweden,confirmed,1.0,2020-02-10
1496,Sweden,confirmed,1.0,2020-02-11
1497,Sweden,confirmed,1.0,2020-02-12
1498,Sweden,confirmed,1.0,2020-02-13
1499,Sweden,confirmed,1.0,2020-02-14
1500,Sweden,confirmed,1.0,2020-02-15
1501,Sweden,confirmed,1.0,2020-02-16
1502,Sweden,confirmed,1.0,2020-02-17
1503,Sweden,confirmed,1.0,2020-02-18
1504,Sweden,confirmed,1.0,2020-02-19
1505,Sweden,confirmed,1.0,2020-02-20
1506,Sweden,confirmed,1.0,2020-02-21
1507,Sweden,confirmed,1.0,2020-02-22
1508,Sweden,confirmed,1.0,2020-02-23
1509,Sweden,confirmed,1.0,2020-02-24
1510,Sweden,confirmed,1.0,2020-02-25
1511,Sweden,confirmed,2.0,2020-02-26
1512,Switzerland,confirmed,0.0,2020-01-22
1513,Switzerland,confirmed,0.0,2020-01-23
1514,Switzerland,confirmed,0.0,2020-01-24
1515,Switzerland,confirmed,0.0,2020-01-25
1516,Switzerland,confirmed,0.0,2020-01-26
1517,Switzerland,confirmed,0.0,2020-01-27
1518,Switzerland,confirmed,0.0,2020-01-28
1519,Switzerland,confirmed,0.0,2020-01-29
1520,Switzerland,confirmed,0.0,2020-01-30
1521,Switzerland,confirmed,0.0,2020-01-31
1522,Switzerland,confirmed,0.0,2020-02-01
1523,Switzerland,confirmed,0.0,2020-02-02
1524,Switzerland,confirmed,0.0,2020-02-03
1525,Switzerland,confirmed,0.0,2020-02-04
1526,Switzerland,confirmed,0.0,2020-02-05
1527,Switzerland,confirmed,0.0,2020-02-06
1528,Switzerland,confirmed,0.0,2020-02-07
1529,Switzerland,confirmed,0.0,2020-02-08
1530,Switzerland,confirmed,0.0,2020-02-09
1531,Switzerland,confirmed,0.0,2020-02-10
1532,Switzerland,confirmed,0.0,2020-02-11
1533,Switzerland,confirmed,0.0,2020-02-12
1534,Switzerland,confirmed,0.0,2020-02-13
1535,Switzerland,confirmed,0.0,2020-02-14
1536,Switzerland,confirmed,0.0,2020-02-15
1537,Switzerland,confirmed,0.0,2020-02-16
1538,Switzerland,confirmed,0.0,2020-02-17
1539,Switzerland,confirmed,0.0,2020-02-18
1540,Switzerland,confirmed,0.0,2020-02-19
1541,Switzerland,confirmed,0.0,2020-02-20
1542,Switzerland,confirmed,0.0,2020-02-21
1543,Switzerland,confirmed,0.0,2020-02-22
1544,Switzerland,confirmed,0.0,2020-02-23
1545,Switzerland,confirmed,0.0,2020-02-24
1546,Switzerland,confirmed,1.0,2020-02-25
1547,Switzerland,confirmed,1.0,2020-02-26
1548,Taiwan,confirmed,1.0,2020-01-22
1549,Taiwan,confirmed,1.0,2020-01-23
1550,Taiwan,confirmed,3.0,2020-01-24
1551,Taiwan,confirmed,3.0,2020-01-25
1552,Taiwan,confirmed,4.0,2020-01-26
1553,Taiwan,confirmed,5.0,2020-01-27
1554,Taiwan,confirmed,8.0,2020-01-28
1555,Taiwan,confirmed,8.0,2020-01-29
1556,Taiwan,confirmed,9.0,2020-01-30
1557,Taiwan,confirmed,10.0,2020-01-31
1558,Taiwan,confirmed,10.0,2020-02-01
1559,Taiwan,confirmed,10.0,2020-02-02
1560,Taiwan,confirmed,10.0,2020-02-03
1561,Taiwan,confirmed,11.0,2020-02-04
1562,Taiwan,confirmed,11.0,2020-02-05
1563,Taiwan,confirmed,17.0,2020-02-06
1564,Taiwan,confirmed,17.0,2020-02-07
1565,Taiwan,confirmed,18.0,2020-02-08
1566,Taiwan,confirmed,19.0,2020-02-09
1567,Taiwan,confirmed,19.0,2020-02-10
1568,Taiwan,confirmed,19.0,2020-02-11
1569,Taiwan,confirmed,19.0,2020-02-12
1570,Taiwan,confirmed,19.0,2020-02-13
1571,Taiwan,confirmed,20.0,2020-02-14
1572,Taiwan,confirmed,20.0,2020-02-15
1573,Taiwan,confirmed,23.0,2020-02-16
1574,Taiwan,confirmed,25.0,2020-02-17
1575,Taiwan,confirmed,25.0,2020-02-18
1576,Taiwan,confirmed,26.0,2020-02-19
1577,Taiwan,confirmed,27.0,2020-02-20
1578,Taiwan,confirmed,29.0,2020-02-21
1579,Taiwan,confirmed,29.0,2020-02-22
1580,Taiwan,confirmed,31.0,2020-02-23
1581,Taiwan,confirmed,36.0,2020-02-24
1582,Taiwan,confirmed,37.0,2020-02-25
1583,Taiwan,confirmed,38.0,2020-02-26
1584,Thailand,confirmed,2.0,2020-01-22
1585,Thailand,confirmed,3.0,2020-01-23
1586,Thailand,confirmed,5.0,2020-01-24
1587,Thailand,confirmed,7.0,2020-01-25
1588,Thailand,confirmed,10.0,2020-01-26
1589,Thailand,confirmed,10.0,2020-01-27
1590,Thailand,confirmed,19.0,2020-01-28
1591,Thailand,confirmed,19.0,2020-01-29
1592,Thailand,confirmed,19.0,2020-01-30
1593,Thailand,confirmed,24.0,2020-01-31
1594,Thailand,confirmed,24.0,2020-02-01
1595,Thailand,confirmed,24.0,2020-02-02
1596,Thailand,confirmed,24.0,2020-02-03
1597,Thailand,confirmed,30.0,2020-02-04
1598,Thailand,confirmed,30.0,2020-02-05
1599,Thailand,confirmed,30.0,2020-02-06
1600,Thailand,confirmed,30.0,2020-02-07
1601,Thailand,confirmed,42.0,2020-02-08
1602,Thailand,confirmed,42.0,2020-02-09
1603,Thailand,confirmed,42.0,2020-02-10
1604,Thailand,confirmed,43.0,2020-02-11
1605,Thailand,confirmed,43.0,2020-02-12
1606,Thailand,confirmed,45.0,2020-02-13
1607,Thailand,confirmed,45.0,2020-02-14
1608,Thailand,confirmed,45.0,2020-02-15
1609,Thailand,confirmed,48.0,2020-02-16
1610,Thailand,confirmed,50.0,2020-02-17
1611,Thailand,confirmed,50.0,2020-02-18
1612,Thailand,confirmed,50.0,2020-02-19
1613,Thailand,confirmed,50.0,2020-02-20
1614,Thailand,confirmed,52.0,2020-02-21
1615,Thailand,confirmed,52.0,2020-02-22
1616,Thailand,confirmed,56.0,2020-02-23
1617,Thailand,confirmed,56.0,2020-02-24
1618,Thailand,confirmed,59.0,2020-02-25
1619,Thailand,confirmed,62.0,2020-02-26
1620,UK,confirmed,0.0,2020-01-22
1621,UK,confirmed,0.0,2020-01-23
1622,UK,confirmed,0.0,2020-01-24
1623,UK,confirmed,0.0,2020-01-25
1624,UK,confirmed,0.0,2020-01-26
1625,UK,confirmed,0.0,2020-01-27
1626,UK,confirmed,0.0,2020-01-28
1627,UK,confirmed,0.0,2020-01-29
1628,UK,confirmed,0.0,2020-01-30
1629,UK,confirmed,2.0,2020-01-31
1630,UK,confirmed,2.0,2020-02-01
1631,UK,confirmed,2.0,2020-02-02
1632,UK,confirmed,2.0,2020-02-03
1633,UK,confirmed,2.0,2020-02-04
1634,UK,confirmed,2.0,2020-02-05
1635,UK,confirmed,2.0,2020-02-06
1636,UK,confirmed,3.0,2020-02-07
1637,UK,confirmed,3.0,2020-02-08
1638,UK,confirmed,3.0,2020-02-09
1639,UK,confirmed,8.0,2020-02-10
1640,UK,confirmed,8.0,2020-02-11
1641,UK,confirmed,10.0,2020-02-12
1642,UK,confirmed,10.0,2020-02-13
1643,UK,confirmed,10.0,2020-02-14
1644,UK,confirmed,10.0,2020-02-15
1645,UK,confirmed,17.0,2020-02-16
1646,UK,confirmed,17.0,2020-02-17
1647,UK,confirmed,17.0,2020-02-18
1648,UK,confirmed,17.0,2020-02-19
1649,UK,confirmed,17.0,2020-02-20
1650,UK,confirmed,17.0,2020-02-21
1651,UK,confirmed,17.0,2020-02-22
1652,UK,confirmed,17.0,2020-02-23
1653,UK,confirmed,21.0,2020-02-24
1654,UK,confirmed,21.0,2020-02-25
1655,UK,confirmed,21.0,2020-02-26
1656,US,confirmed,1.0,2020-01-22
1657,US,confirmed,1.0,2020-01-23
1658,US,confirmed,2.0,2020-01-24
1659,US,confirmed,2.0,2020-01-25
1660,US,confirmed,5.0,2020-01-26
1661,US,confirmed,5.0,2020-01-27
1662,US,confirmed,5.0,2020-01-28
1663,US,confirmed,5.0,2020-01-29
1664,US,confirmed,5.0,2020-01-30
1665,US,confirmed,7.0,2020-01-31
1666,US,confirmed,8.0,2020-02-01
1667,US,confirmed,8.0,2020-02-02
1668,US,confirmed,11.0,2020-02-03
1669,US,confirmed,11.0,2020-02-04
1670,US,confirmed,12.0,2020-02-05
1671,US,confirmed,12.0,2020-02-06
1672,US,confirmed,12.0,2020-02-07
1673,US,confirmed,12.0,2020-02-08
1674,US,confirmed,15.0,2020-02-09
1675,US,confirmed,15.0,2020-02-10
1676,US,confirmed,16.0,2020-02-11
1677,US,confirmed,16.0,2020-02-12
1678,US,confirmed,18.0,2020-02-13
1679,US,confirmed,18.0,2020-02-14
1680,US,confirmed,18.0,2020-02-15
1681,US,confirmed,18.0,2020-02-16
1682,US,confirmed,18.0,2020-02-17
1683,US,confirmed,18.0,2020-02-18
1684,US,confirmed,18.0,2020-02-19
1685,US,confirmed,18.0,2020-02-20
1686,US,confirmed,40.0,2020-02-21
1687,US,confirmed,40.0,2020-02-22
1688,US,confirmed,40.0,2020-02-23
1689,US,confirmed,58.0,2020-02-24
1690,US,confirmed,59.0,2020-02-25
1691,US,confirmed,65.0,2020-02-26
1692,United Arab Emirates,confirmed,0.0,2020-01-22
1693,United Arab Emirates,confirmed,0.0,2020-01-23
1694,United Arab Emirates,confirmed,0.0,2020-01-24
1695,United Arab Emirates,confirmed,0.0,2020-01-25
1696,United Arab Emirates,confirmed,0.0,2020-01-26
1697,United Arab Emirates,confirmed,0.0,2020-01-27
1698,United Arab Emirates,confirmed,0.0,2020-01-28
1699,United Arab Emirates,confirmed,4.0,2020-01-29
1700,United Arab Emirates,confirmed,4.0,2020-01-30
1701,United Arab Emirates,confirmed,4.0,2020-01-31
1702,United Arab Emirates,confirmed,4.0,2020-02-01
1703,United Arab Emirates,confirmed,5.0,2020-02-02
1704,United Arab Emirates,confirmed,5.0,2020-02-03
1705,United Arab Emirates,confirmed,5.0,2020-02-04
1706,United Arab Emirates,confirmed,5.0,2020-02-05
1707,United Arab Emirates,confirmed,5.0,2020-02-06
1708,United Arab Emirates,confirmed,5.0,2020-02-07
1709,United Arab Emirates,confirmed,7.0,2020-02-08
1710,United Arab Emirates,confirmed,7.0,2020-02-09
1711,United Arab Emirates,confirmed,8.0,2020-02-10
1712,United Arab Emirates,confirmed,8.0,2020-02-11
1713,United Arab Emirates,confirmed,9.0,2020-02-12
1714,United Arab Emirates,confirmed,9.0,2020-02-13
1715,United Arab Emirates,confirmed,9.0,2020-02-14
1716,United Arab Emirates,confirmed,11.0,2020-02-15
1717,United Arab Emirates,confirmed,13.0,2020-02-16
1718,United Arab Emirates,confirmed,13.0,2020-02-17
1719,United Arab Emirates,confirmed,13.0,2020-02-18
1720,United Arab Emirates,confirmed,13.0,2020-02-19
1721,United Arab Emirates,confirmed,13.0,2020-02-20
1722,United Arab Emirates,confirmed,13.0,2020-02-21
1723,United Arab Emirates,confirmed,17.0,2020-02-22
1724,United Arab Emirates,confirmed,17.0,2020-02-23
1725,United Arab Emirates,confirmed,17.0,2020-02-24
1726,United Arab Emirates,confirmed,17.0,2020-02-25
1727,United Arab Emirates,confirmed,17.0,2020-02-26
1728,Vietnam,confirmed,0.0,2020-01-22
1729,Vietnam,confirmed,2.0,2020-01-23
1730,Vietnam,confirmed,2.0,2020-01-24
1731,Vietnam,confirmed,2.0,2020-01-25
1732,Vietnam,confirmed,2.0,2020-01-26
1733,Vietnam,confirmed,2.0,2020-01-27
1734,Vietnam,confirmed,2.0,2020-01-28
1735,Vietnam,confirmed,2.0,2020-01-29
1736,Vietnam,confirmed,2.0,2020-01-30
1737,Vietnam,confirmed,2.0,2020-01-31
1738,Vietnam,confirmed,7.0,2020-02-01
1739,Vietnam,confirmed,7.0,2020-02-02
1740,Vietnam,confirmed,9.0,2020-02-03
1741,Vietnam,confirmed,9.0,2020-02-04
1742,Vietnam,confirmed,9.0,2020-02-05
1743,Vietnam,confirmed,11.0,2020-02-06
1744,Vietnam,confirmed,11.0,2020-02-07
1745,Vietnam,confirmed,14.0,2020-02-08
1746,Vietnam,confirmed,14.0,2020-02-09
1747,Vietnam,confirmed,15.0,2020-02-10
1748,Vietnam,confirmed,21.0,2020-02-11
1749,Vietnam,confirmed,21.0,2020-02-12
1750,Vietnam,confirmed,23.0,2020-02-13
1751,Vietnam,confirmed,23.0,2020-02-14
1752,Vietnam,confirmed,23.0,2020-02-15
1753,Vietnam,confirmed,23.0,2020-02-16
1754,Vietnam,confirmed,23.0,2020-02-17
1755,Vietnam,confirmed,23.0,2020-02-18
1756,Vietnam,confirmed,23.0,2020-02-19
1757,Vietnam,confirmed,23.0,2020-02-20
1758,Vietnam,confirmed,30.0,2020-02-21
1759,Vietnam,confirmed,30.0,2020-02-22
1760,Vietnam,confirmed,30.0,2020-02-23
1761,Vietnam,confirmed,30.0,2020-02-24
1762,Vietnam,confirmed,32.0,2020-02-25
1763,Vietnam,confirmed,32.0,2020-02-26
